carro_id,marca,ano,quilometragem,motor,cambio,combustivel,cor,portas,dono_unico,ipva_pago,num_revisoes,preco
C1000,Hyundai,2013,181049,1.4,Manual,Gasolina,Preto,4,Sim,Nao,2,40920
C1001,Toyota,2007,90495,1.4,Automatico,Flex,Vermelho,4,Sim,Sim,2,57263
C1002,Chevrolet,2011,253429,2.0,Manual,Diesel,Branco,4,Nao,Nao,9,28876
C1003,Chevrolet,2013,130301,1.4,Manual,Flex,Prata,4,Nao,Sim,0,29109
C1004,Chevrolet,2010,173334,1.0,Automatico,Diesel,Azul,4,Sim,Sim,0,34702
C1005,Volkswagen,2014,93741,1.6,Manual,Gasolina,Cinza,2,Nao,Sim,6,56050
C1006,Hyundai,2021,51275,1.4,Manual,Gasolina,Branco,4,Nao,Sim,4,65009
C1007,Fiat,2023,12602,1.8,Automatico,Gasolina,Vermelho,4,Nao,Nao,7,74835
C1008,Volkswagen,2011,229828,1.0,Manual,Hibrido,Cinza,4,Sim,Nao,1,21726
C1009,Hyundai,2021,56243,1.0,Manual,Gasolina,Azul,4,Sim,Nao,6,64720
C1010,Hyundai,2010,212160,1.4,Manual,Flex,Preto,4,Nao,Sim,11,31369
C1011,Toyota,2013,107342,1.4,Automatico,Flex,Prata,4,Nao,Sim,4,81297
C1012,Fiat,2022,21606,1.4,Automatico,Flex,Prata,2,Sim,Sim,0,65182
C1013,Chevrolet,2019,8175,1.0,Manual,Flex,Prata,4,Nao,Sim,11,54547
C1014,Renault,2005,193900,1.6,Manual,Gasolina,Azul,4,Sim,Sim,5,9000
C1015,Jeep,2013,129948,1.0,Manual,Flex,Vermelho,4,Sim,Sim,8,80296
C1016,Honda,2017,144283,1.4,Manual,Diesel,Azul,4,Sim,Nao,3,65702
C1017,Fiat,2019,43385,1.4,Manual,Hibrido,Preto,4,Nao,Sim,4,49846
C1018,Renault,2023,16516,1.4,Automatico,Flex,Azul,4,Nao,Sim,9,68047
C1019,Fiat,2013,188542,1.4,Manual,Flex,Cinza,2,Sim,Sim,9,17441
C1020,Chevrolet,2022,23478,1.8,Manual,Diesel,Azul,4,Nao,Nao,6,72954
C1021,Chevrolet,2019,55238,1.4,Automatico,Gasolina,Cinza,4,Nao,Nao,0,61661
C1022,Volkswagen,2010,168468,1.0,Automatico,Flex,Cinza,4,Sim,Sim,7,40719
C1023,Fiat,2022,20940,1.8,Automatico,Flex,Branco,4,Nao,Sim,5,67709
C1024,Fiat,2009,177737,1.4,Manual,Flex,Cinza,4,Nao,Sim,8,16001
C1025,Hyundai,2013,59958,1.0,Manual,Diesel,Prata,4,Nao,Nao,8,41059
C1026,Fiat,2017,96553,1.0,Automatico,Gasolina,Branco,4,Nao,Nao,8,41724
C1027,Volkswagen,2023,9780,2.0,Automatico,Flex,Vermelho,4,Sim,Sim,11,99551
C1028,Fiat,2023,15840,1.0,Manual,Gasolina,Cinza,4,Nao,Sim,0,53517
C1029,Volkswagen,2012,262495,1.4,Manual,Flex,Preto,4,Nao,Sim,8,27099
C1030,Fiat,2020,57136,1.4,Automatico,Flex,Prata,4,Nao,Nao,7,59785
C1031,Fiat,2012,176255,1.4,Automatico,Flex,Azul,4,Sim,Sim,3,27398
C1032,Hyundai,2017,104190,1.6,Automatico,Gasolina,Cinza,4,Sim,Sim,10,58491
C1033,Chevrolet,2023,13761,1.0,Automatico,Flex,Branco,4,Nao,Sim,9,72408
C1034,Hyundai,2012,215443,1.4,Automatico,Diesel,Azul,2,Nao,Sim,4,39654
C1035,Chevrolet,2022,13069,1.6,Manual,Gasolina,Cinza,4,Nao,Sim,4,73490
C1036,Hyundai,2009,39931,1.6,Manual,Gasolina,Vermelho,2,Sim,Sim,7,45770
C1037,Volkswagen,2017,7598,2.0,Manual,Flex,Branco,4,Sim,Sim,11,72301
C1038,Honda,2005,300000,1.0,Manual,Gasolina,Prata,4,Nao,Nao,7,29164
C1039,Jeep,2016,105077,1.4,Manual,Flex,Prata,4,Sim,Sim,6,96457
C1040,Chevrolet,2019,98612,1.0,Manual,Flex,Vermelho,4,Nao,Sim,2,50945
C1041,Honda,2018,92380,1.0,Manual,Flex,Preto,4,Sim,Nao,9,82898
C1042,Fiat,2021,28866,1.0,Manual,Flex,Branco,4,Nao,Sim,4,54227
C1043,Volkswagen,2011,126470,1.8,Manual,Flex,Branco,2,Nao,Nao,4,45254
C1044,Fiat,2014,61686,1.0,Manual,Gasolina,Azul,4,Sim,Sim,5,37856
C1045,Hyundai,2013,135989,1.0,Manual,Flex,Preto,4,Sim,Sim,6,37085
C1046,Fiat,2011,212005,1.0,Automatico,Flex,Prata,4,Nao,Sim,5,15890
C1047,Volkswagen,2018,104864,1.4,Manual,Gasolina,Preto,4,Nao,Sim,6,66593
C1048,Fiat,2016,132531,1.0,Manual,Gasolina,Prata,4,Nao,Sim,4,30405
C1049,Volkswagen,2022,26820,1.4,Automatico,Diesel,Branco,4,Nao,Sim,7,74200
C1050,Renault,2014,0,1.6,Automatico,Flex,Cinza,4,Nao,Nao,11,46454
C1051,Hyundai,2019,76648,1.0,Automatico,Flex,Vermelho,4,Sim,Nao,7,56731
C1052,Volkswagen,2007,0,1.6,Manual,Flex,Preto,4,Sim,Sim,1,56144
C1053,Renault,2013,192096,2.0,Manual,Gasolina,Preto,4,Nao,Sim,0,27559
C1054,Volkswagen,2013,167877,1.0,Automatico,Flex,Vermelho,4,Sim,Sim,10,39452
C1055,Chevrolet,2016,61414,1.4,Automatico,Flex,Azul,4,Sim,Nao,5,57302
C1056,Fiat,2012,105244,2.0,Manual,Flex,Branco,2,Sim,Sim,11,37545
C1057,Hyundai,2011,300000,1.6,Manual,Hibrido,Cinza,4,Sim,Sim,4,27249
C1058,Fiat,2019,65736,2.0,Automatico,Flex,Branco,2,Sim,Sim,9,61990
C1059,Honda,2014,187696,1.4,Manual,Flex,Azul,4,Nao,Sim,7,61424
C1060,Renault,2021,23911,1.0,Manual,Gasolina,Cinza,4,Nao,Sim,1,49243
C1061,Chevrolet,2007,288174,1.4,Automatico,Flex,Azul,4,Nao,Sim,4,10548
C1062,Hyundai,2015,66463,1.0,Manual,Hibrido,Prata,4,Nao,Sim,1,48936
C1063,Fiat,2007,293476,1.0,Automatico,Flex,Azul,4,Nao,Nao,4,9000
C1064,Fiat,2010,219905,1.0,Manual,Diesel,Cinza,4,Nao,Sim,2,9000
C1065,Honda,2013,192832,1.0,Manual,Gasolina,Azul,4,Nao,Nao,7,57415
C1066,Volkswagen,2020,64286,2.0,Manual,Gasolina,Preto,4,Sim,Sim,0,73009
C1067,Jeep,2020,32664,1.4,Manual,Flex,Prata,4,Nao,Sim,3,100269
C1068,Jeep,2015,29371,1.6,Automatico,Gasolina,Branco,4,Nao,Sim,8,112105
C1069,Hyundai,2007,220497,1.0,Automatico,Flex,Preto,4,Sim,Sim,10,30078
C1070,Hyundai,2012,72578,1.0,Manual,Flex,Azul,4,Sim,Sim,3,42690
C1071,Honda,2023,16025,1.4,Automatico,Flex,Vermelho,4,Nao,Sim,5,99154
C1072,Hyundai,2015,42206,1.4,Automatico,Gasolina,Preto,4,Sim,Nao,5,61956
C1073,Chevrolet,2012,143067,1.0,Manual,Flex,Branco,4,Nao,Nao,5,33588
C1074,Jeep,2011,69647,1.0,Manual,Diesel,Cinza,4,Nao,Sim,6,73430
C1075,Hyundai,2015,86532,1.6,Automatico,Flex,Branco,2,Nao,Sim,2,62664
C1076,Hyundai,2014,172569,1.8,Automatico,Flex,Prata,2,Sim,Sim,7,54478
C1077,Fiat,2007,173083,1.4,Manual,Gasolina,Preto,4,Sim,Sim,4,15727
C1078,Chevrolet,2018,88591,1.0,Manual,Flex,Preto,4,Nao,Nao,2,47783
C1079,Chevrolet,2007,122276,1.0,Manual,Gasolina,Preto,4,Sim,Sim,4,16683
C1080,Renault,2008,19742,1.0,Manual,Flex,Prata,4,Sim,Nao,2,20420
C1081,Toyota,2010,222305,1.6,Automatico,Flex,Prata,4,Nao,Nao,3,57631
C1082,Honda,2011,115885,1.6,Manual,Flex,Cinza,2,Sim,Nao,3,60625
C1083,Volkswagen,2009,118800,1.4,Manual,Gasolina,Preto,4,Nao,Sim,10,41787
C1084,Volkswagen,2012,0,1.4,Automatico,Gasolina,Cinza,4,Sim,Sim,9,70656
C1085,Volkswagen,2022,35492,1.6,Automatico,Flex,Prata,4,Nao,Sim,11,81186
C1086,Toyota,2011,170770,1.8,Automatico,Flex,Vermelho,4,Nao,Nao,4,70213
C1087,Renault,2014,62028,1.8,Automatico,Flex,Cinza,4,Nao,Nao,4,44202
C1088,Renault,2016,131034,1.0,Manual,Flex,Prata,4,Nao,Nao,4,18051
C1089,Jeep,2018,56791,1.6,Automatico,Flex,Preto,2,Nao,Nao,4,106931
C1090,Hyundai,2010,292405,1.0,Manual,Gasolina,Branco,4,Sim,Sim,9,19316
C1091,Fiat,2015,151627,1.6,Automatico,Flex,Branco,4,Nao,Sim,0,39522
C1092,Chevrolet,2014,159084,1.6,Manual,Flex,Vermelho,4,Nao,Sim,6,39530
C1093,Chevrolet,2007,300000,1.4,Manual,Flex,Prata,2,Nao,Nao,3,9000
C1094,Fiat,2013,127426,1.4,Manual,Flex,Vermelho,4,Nao,Sim,8,25269
C1095,Jeep,2009,171180,1.0,Automatico,Flex,Preto,4,Sim,Sim,0,58027
C1096,Renault,2006,0,1.0,Manual,Diesel,Vermelho,4,Sim,Nao,8,27331
C1097,Volkswagen,2017,44759,1.8,Manual,Flex,Preto,4,Sim,Sim,1,68558
C1098,Fiat,2017,95516,1.6,Manual,Flex,Branco,4,Sim,Nao,6,50408
C1099,Volkswagen,2018,80947,1.6,Manual,Gasolina,Azul,4,Nao,Sim,2,62751
C1100,Chevrolet,2013,174958,1.0,Automatico,Gasolina,Branco,4,Nao,Sim,4,39175
C1101,Volkswagen,2012,130874,1.6,Manual,Flex,Cinza,4,Sim,Sim,9,54375
C1102,Volkswagen,2014,60402,2.0,Manual,Diesel,Cinza,4,Sim,Sim,9,66073
C1103,Jeep,2015,112479,1.0,Manual,Hibrido,Cinza,4,Nao,Sim,0,80885
C1104,Volkswagen,2020,43911,1.4,Manual,Flex,Cinza,4,Sim,Nao,11,71231
C1105,Fiat,2010,207724,1.6,Manual,Flex,Azul,2,Nao,Sim,2,15422
C1106,Volkswagen,2006,300000,1.6,Manual,Flex,Azul,4,Nao,Sim,10,27711
C1107,Volkswagen,2013,254514,1.0,Automatico,Flex,Prata,4,Nao,Nao,8,37503
C1108,Chevrolet,2022,7807,1.6,Automatico,Flex,Prata,4,Sim,Sim,5,73297
C1109,Fiat,2018,21551,1.6,Manual,Flex,Vermelho,4,Nao,Sim,1,46297
C1110,Jeep,2022,29049,2.0,Automatico,Flex,Branco,4,Nao,Sim,8,121197
C1111,Fiat,2015,81595,1.0,Manual,Flex,Preto,2,Nao,Nao,3,29002
C1112,Hyundai,2012,156320,1.0,Automatico,Flex,Branco,2,Sim,Sim,8,43770
C1113,Toyota,2008,300000,2.0,Manual,Flex,Vermelho,4,Nao,Sim,6,54574
C1114,Hyundai,2017,36157,1.6,Manual,Flex,Azul,4,Nao,Sim,3,63888
C1115,Honda,2007,300000,1.0,Manual,Flex,Vermelho,2,Nao,Sim,5,25270
C1116,Fiat,2017,80454,1.0,Manual,Flex,Preto,4,Nao,Sim,4,45157
C1117,Fiat,2017,29368,1.8,Manual,Flex,Cinza,4,Nao,Sim,5,48594
C1118,Fiat,2012,215177,1.6,Manual,Gasolina,Vermelho,4,Nao,Sim,9,21070
C1119,Honda,2019,0,1.0,Manual,Flex,Azul,2,Nao,Nao,9,87053
C1120,Fiat,2013,52363,1.4,Automatico,Flex,Cinza,4,Sim,Sim,8,54006
C1121,Fiat,2008,300000,1.0,Automatico,Gasolina,Preto,4,Sim,Sim,5,10112
C1122,Volkswagen,2016,66239,1.4,Manual,Hibrido,Prata,2,Sim,Sim,0,64870
C1123,Fiat,2020,58990,1.4,Manual,Flex,Prata,4,Nao,Nao,6,51032
C1124,Jeep,2022,40223,1.0,Automatico,Flex,Azul,2,Nao,Sim,11,120240
C1125,Honda,2011,89811,1.4,Manual,Gasolina,Preto,4,Nao,Sim,5,64198
C1126,Honda,2013,62109,1.0,Manual,Flex,Vermelho,2,Nao,Nao,5,63843
C1127,Hyundai,2021,15799,1.0,Automatico,Gasolina,Preto,4,Nao,Sim,6,72951
C1128,Jeep,2005,300000,1.6,Automatico,Flex,Branco,4,Nao,Sim,9,54649
C1129,Fiat,2008,182467,2.0,Manual,Flex,Preto,4,Nao,Sim,11,22503
C1130,Hyundai,2009,300000,1.8,Automatico,Gasolina,Azul,2,Sim,Nao,8,39744
C1131,Renault,2023,5217,1.8,Automatico,Diesel,Cinza,4,Nao,Sim,5,75628
C1132,Toyota,2017,109960,1.8,Manual,Diesel,Branco,4,Sim,Sim,5,87990
C1133,Chevrolet,2021,19240,1.0,Automatico,Flex,Cinza,4,Nao,Sim,3,68619
C1134,Hyundai,2009,179833,1.8,Manual,Flex,Preto,4,Nao,Sim,9,47055
C1135,Fiat,2009,289114,1.0,Automatico,Flex,Preto,4,Sim,Sim,2,9000
C1136,Jeep,2023,4901,1.4,Automatico,Gasolina,Vermelho,4,Nao,Sim,4,118534
C1137,Chevrolet,2015,66580,1.0,Manual,Diesel,Prata,4,Nao,Sim,11,54861
C1138,Hyundai,2023,13328,1.8,Automatico,Flex,Branco,4,Sim,Sim,9,86555
C1139,Honda,2023,11190,1.8,Manual,Flex,Branco,4,Sim,Sim,2,108535
C1140,Toyota,2008,100987,1.0,Automatico,Flex,Branco,4,Nao,Nao,0,63769
C1141,Honda,2018,113476,1.8,Manual,Flex,Azul,4,Nao,Sim,5,82025
C1142,Fiat,2013,159132,1.8,Automatico,Diesel,Azul,4,Sim,Sim,6,44191
C1143,Fiat,2008,129032,1.8,Manual,Flex,Cinza,4,Nao,Sim,2,31768
C1144,Honda,2011,209889,1.6,Manual,Gasolina,Vermelho,4,Nao,Sim,7,51174
C1145,Toyota,2020,36754,1.6,Manual,Gasolina,Cinza,4,Sim,Nao,6,104971
C1146,Chevrolet,2006,300000,1.8,Automatico,Flex,Azul,4,Nao,Sim,10,14967
C1147,Renault,2007,170240,1.4,Manual,Flex,Azul,4,Nao,Sim,0,9000
C1148,Renault,2005,68656,1.4,Automatico,Flex,Branco,4,Nao,Sim,10,19431
C1149,Hyundai,2013,172198,1.0,Manual,Flex,Prata,4,Nao,Nao,1,30440
C1150,Fiat,2023,12129,1.8,Manual,Flex,Branco,4,Sim,Nao,9,67936
C1151,Renault,2023,13929,1.0,Manual,Flex,Preto,2,Sim,Sim,10,54900
C1152,Volkswagen,2005,12409,1.0,Manual,Gasolina,Vermelho,4,Nao,Nao,0,32995
C1153,Hyundai,2018,37171,1.0,Automatico,Diesel,Prata,2,Nao,Sim,6,68071
C1154,Hyundai,2005,300000,1.0,Manual,Flex,Azul,4,Nao,Nao,10,9000
C1155,Toyota,2013,182163,1.0,Manual,Flex,Azul,4,Sim,Nao,4,57383
C1156,Toyota,2006,55097,1.0,Manual,Gasolina,Azul,4,Nao,Sim,10,56587
C1157,Toyota,2020,54335,2.0,Automatico,Gasolina,Branco,4,Sim,Sim,2,105746
C1158,Toyota,2020,33723,1.4,Automatico,Hibrido,Branco,4,Sim,Sim,9,113235
C1159,Toyota,2022,29746,1.4,Automatico,Hibrido,Preto,4,Sim,Sim,2,109235
C1160,Jeep,2022,16882,1.0,Automatico,Flex,Cinza,4,Sim,Sim,9,118907
C1161,Fiat,2019,68957,2.0,Automatico,Diesel,Vermelho,4,Nao,Sim,5,69209
C1162,Renault,2023,11790,1.4,Manual,Diesel,Prata,4,Nao,Sim,8,51032
C1163,Renault,2011,0,1.6,Automatico,Hibrido,Preto,4,Nao,Sim,3,49547
C1164,Hyundai,2020,73788,1.4,Manual,Gasolina,Branco,4,Nao,Sim,5,57275
C1165,Renault,2016,172636,1.0,Manual,Flex,Vermelho,4,Nao,Sim,7,27482
C1166,Volkswagen,2017,65436,1.0,Automatico,Diesel,Cinza,2,Sim,Sim,7,67649
C1167,Honda,2009,212349,1.0,Manual,Gasolina,Branco,4,Nao,Sim,9,43940
C1168,Toyota,2021,28644,1.0,Manual,Flex,Vermelho,4,Nao,Sim,0,81363
C1169,Chevrolet,2020,45565,1.4,Automatico,Gasolina,Branco,4,Nao,Sim,11,68579
C1170,Chevrolet,2022,15502,1.8,Automatico,Gasolina,Cinza,4,Nao,Nao,5,94246
C1171,Renault,2006,76153,1.8,Manual,Flex,Branco,2,Sim,Sim,6,28507
C1172,Fiat,2005,286721,1.0,Automatico,Flex,Branco,4,Sim,Sim,10,9000
C1173,Renault,2016,127341,1.4,Manual,Gasolina,Vermelho,4,Sim,Sim,8,33195
C1174,Jeep,2013,102169,1.8,Automatico,Gasolina,Azul,4,Sim,Nao,1,100240
C1175,Volkswagen,2018,67570,1.8,Automatico,Gasolina,Branco,4,Nao,Sim,1,89362
C1176,Chevrolet,2011,267131,1.0,Automatico,Flex,Preto,4,Sim,Sim,10,24279
C1177,Toyota,2018,76278,1.6,Manual,Gasolina,Cinza,4,Nao,Nao,4,87901
C1178,Toyota,2013,223208,1.8,Automatico,Flex,Azul,4,Nao,Sim,6,76368
C1179,Volkswagen,2014,203530,1.6,Manual,Gasolina,Azul,4,Sim,Nao,4,49157
C1180,Hyundai,2014,157751,1.4,Manual,Flex,Azul,4,Nao,Sim,2,33540
C1181,Hyundai,2015,70676,1.4,Automatico,Flex,Preto,4,Sim,Sim,9,68145
C1182,Hyundai,2013,165108,1.0,Automatico,Flex,Branco,2,Sim,Sim,2,34100
C1183,Fiat,2009,204314,1.6,Automatico,Gasolina,Preto,4,Nao,Sim,7,27363
C1184,Renault,2010,219755,1.4,Automatico,Flex,Preto,4,Nao,Nao,4,15141
C1185,Chevrolet,2019,45380,1.8,Manual,Flex,Preto,4,Nao,Sim,0,63122
C1186,Renault,2013,189970,1.4,Manual,Hibrido,Azul,4,Sim,Nao,10,22028
C1187,Chevrolet,2016,137190,1.8,Automatico,Flex,Cinza,2,Nao,Nao,1,54228
C1188,Honda,2013,213862,1.6,Automatico,Flex,Prata,4,Sim,Sim,11,71702
C1189,Volkswagen,2008,300000,1.4,Manual,Flex,Cinza,4,Nao,Sim,11,16005
C1190,Honda,2008,86682,1.6,Automatico,Flex,Cinza,4,Nao,Nao,7,72800
C1191,Hyundai,2005,293478,1.4,Automatico,Flex,Azul,4,Nao,Nao,10,30389
C1192,Hyundai,2016,78331,2.0,Manual,Diesel,Preto,4,Sim,Sim,2,63979
C1193,Toyota,2006,173205,1.0,Manual,Flex,Azul,4,Sim,Sim,1,40974
C1194,Toyota,2017,67764,1.6,Automatico,Flex,Cinza,4,Nao,Sim,9,82419
C1195,Volkswagen,2016,105078,1.8,Manual,Flex,Vermelho,4,Nao,Sim,8,53578
C1196,Honda,2020,0,1.0,Manual,Gasolina,Azul,2,Nao,Sim,1,85895
C1197,Hyundai,2014,150927,1.6,Manual,Flex,Preto,4,Nao,Sim,11,49376
C1198,Fiat,2012,209132,1.0,Manual,Flex,Preto,4,Sim,Sim,4,15214
C1199,Chevrolet,2020,12304,1.8,Manual,Flex,Azul,4,Sim,Sim,10,81652
C1200,Fiat,2006,259485,1.6,Manual,Flex,Preto,2,Sim,Nao,9,9977
C1201,Volkswagen,2019,66445,1.6,Manual,Gasolina,Cinza,4,Sim,Sim,9,64987
C1202,Chevrolet,2016,117196,1.8,Manual,Flex,Cinza,4,Sim,Sim,1,52765
C1203,Volkswagen,2018,95529,1.0,Automatico,Flex,Branco,4,Nao,Sim,9,59840
C1204,Chevrolet,2017,60375,1.4,Manual,Flex,Azul,4,Sim,Sim,0,58325
C1205,Renault,2010,75720,1.0,Automatico,Flex,Cinza,2,Sim,Nao,3,29841
C1206,Chevrolet,2006,243695,1.4,Automatico,Flex,Preto,4,Sim,Nao,11,19004
C1207,Honda,2012,121840,1.8,Automatico,Flex,Vermelho,4,Nao,Sim,3,76659
C1208,Volkswagen,2015,125431,1.0,Automatico,Diesel,Azul,4,Nao,Sim,11,54958
C1209,Chevrolet,2011,259943,1.6,Manual,Diesel,Azul,4,Sim,Sim,10,29804
C1210,Volkswagen,2017,102042,1.4,Manual,Flex,Vermelho,4,Nao,Sim,5,50630
C1211,Hyundai,2013,112196,1.6,Automatico,Flex,Azul,2,Sim,Sim,5,54238
C1212,Fiat,2005,134488,2.0,Automatico,Flex,Cinza,4,Sim,Sim,4,31451
C1213,Jeep,2023,17100,1.0,Automatico,Diesel,Azul,4,Sim,Sim,9,121443
C1214,Fiat,2023,8880,1.8,Manual,Flex,Preto,4,Sim,Sim,0,76115
C1215,Honda,2015,61808,1.8,Manual,Flex,Cinza,4,Nao,Sim,4,78607
C1216,Hyundai,2023,10469,1.0,Automatico,Diesel,Branco,4,Sim,Nao,3,68803
C1217,Jeep,2012,63624,1.6,Manual,Flex,Cinza,4,Sim,Sim,2,84783
C1218,Toyota,2011,118241,1.8,Automatico,Flex,Preto,2,Sim,Sim,2,80250
C1219,Toyota,2007,181418,1.0,Automatico,Diesel,Preto,4,Sim,Sim,11,50339
C1220,Chevrolet,2009,258674,2.0,Manual,Flex,Branco,4,Nao,Nao,5,32786
C1221,Renault,2007,197542,1.0,Automatico,Flex,Cinza,2,Sim,Sim,6,9000
C1222,Honda,2017,81071,1.0,Automatico,Flex,Preto,4,Sim,Nao,0,84887
C1223,Fiat,2016,17889,1.0,Automatico,Gasolina,Cinza,2,Sim,Sim,7,56465
C1224,Toyota,2016,138288,1.8,Manual,Diesel,Prata,4,Nao,Nao,9,85432
C1225,Toyota,2011,80756,1.4,Automatico,Flex,Vermelho,2,Nao,Nao,11,82166
C1226,Renault,2013,212355,1.0,Automatico,Gasolina,Prata,2,Nao,Sim,4,9084
C1227,Fiat,2014,31743,1.0,Automatico,Hibrido,Branco,4,Sim,Sim,11,57845
C1228,Volkswagen,2006,216097,1.6,Automatico,Flex,Branco,4,Sim,Sim,11,29823
C1229,Renault,2017,60688,1.0,Manual,Gasolina,Cinza,4,Nao,Sim,7,32732
C1230,Jeep,2020,37106,1.4,Manual,Flex,Vermelho,2,Sim,Nao,3,112159
C1231,Fiat,2009,127847,1.6,Manual,Flex,Branco,4,Sim,Sim,5,33817
C1232,Hyundai,2022,13788,1.4,Manual,Hibrido,Vermelho,4,Sim,Nao,1,69333
C1233,Fiat,2023,21383,1.0,Manual,Flex,Branco,4,Sim,Nao,10,60783
C1234,Chevrolet,2016,109237,2.0,Manual,Flex,Vermelho,4,Sim,Sim,3,60298
C1235,Hyundai,2009,167840,1.0,Automatico,Gasolina,Prata,4,Nao,Sim,1,27605
C1236,Toyota,2012,40537,1.8,Manual,Flex,Vermelho,4,Nao,Sim,2,85318
C1237,Fiat,2006,247088,1.4,Manual,Flex,Preto,4,Nao,Sim,2,9000
C1238,Toyota,2006,194913,1.6,Manual,Diesel,Branco,4,Nao,Sim,1,40733
C1239,Chevrolet,2023,11939,1.0,Automatico,Diesel,Cinza,2,Nao,Nao,10,79009
C1240,Fiat,2013,173973,1.0,Automatico,Diesel,Vermelho,4,Nao,Sim,8,35613
C1241,Chevrolet,2009,73669,1.8,Manual,Gasolina,Preto,4,Nao,Sim,11,46576
C1242,Volkswagen,2021,27463,1.0,Manual,Gasolina,Preto,4,Nao,Sim,4,69453
C1243,Volkswagen,2006,37938,1.0,Automatico,Gasolina,Vermelho,4,Nao,Sim,1,36353
C1244,Chevrolet,2016,43375,1.0,Manual,Gasolina,Prata,2,Nao,Sim,0,45058
C1245,Fiat,2006,177594,1.0,Automatico,Flex,Branco,4,Sim,Nao,5,14521
C1246,Volkswagen,2005,300000,1.8,Automatico,Flex,Cinza,4,Sim,Nao,3,20335
C1247,Hyundai,2022,15558,1.0,Automatico,Diesel,Vermelho,4,Sim,Sim,8,80509
C1248,Hyundai,2020,48638,1.4,Automatico,Flex,Preto,2,Sim,Nao,9,78253
C1249,Fiat,2005,75722,2.0,Automatico,Gasolina,Cinza,2,Sim,Sim,5,39483
C1250,Chevrolet,2022,16371,2.0,Automatico,Flex,Azul,4,Sim,Sim,4,94901
C1251,Volkswagen,2014,211362,2.0,Automatico,Flex,Branco,4,Nao,Nao,11,64070
C1252,Volkswagen,2009,285074,1.6,Automatico,Flex,Branco,4,Sim,Nao,9,26693
C1253,Volkswagen,2007,238086,1.6,Automatico,Flex,Branco,4,Nao,Sim,3,22111
C1254,Volkswagen,2015,56710,2.0,Automatico,Gasolina,Branco,4,Sim,Sim,7,74638
C1255,Hyundai,2013,287032,1.0,Automatico,Gasolina,Preto,4,Nao,Sim,6,27986
C1256,Hyundai,2007,64764,1.0,Manual,Flex,Azul,4,Sim,Sim,4,29946
C1257,Honda,2019,50812,1.6,Automatico,Gasolina,Preto,4,Nao,Nao,10,109519
C1258,Volkswagen,2020,47473,1.6,Manual,Flex,Prata,4,Sim,Nao,8,78308
C1259,Hyundai,2011,150364,1.0,Manual,Flex,Azul,4,Nao,Sim,6,30829
C1260,Toyota,2016,49856,1.6,Manual,Flex,Branco,2,Nao,Nao,3,92861
C1261,Fiat,2019,82944,1.0,Automatico,Flex,Preto,4,Sim,Sim,2,44768
C1262,Fiat,2009,7709,1.8,Automatico,Flex,Cinza,4,Sim,Sim,5,46923
C1263,Renault,2012,197754,1.0,Automatico,Gasolina,Azul,4,Sim,Nao,4,24674
C1264,Fiat,2017,147368,1.6,Manual,Flex,Cinza,4,Sim,Nao,10,47172
C1265,Fiat,2015,83472,1.4,Automatico,Flex,Cinza,4,Sim,Sim,3,52325
C1266,Volkswagen,2015,148461,1.4,Automatico,Diesel,Azul,4,Sim,Sim,5,58681
C1267,Jeep,2009,117057,1.4,Automatico,Flex,Vermelho,2,Sim,Sim,5,83880
C1268,Fiat,2011,194021,1.8,Manual,Gasolina,Prata,4,Nao,Sim,5,30716
C1269,Hyundai,2016,25220,2.0,Automatico,Diesel,Branco,2,Nao,Sim,11,79287
C1270,Fiat,2006,202231,1.0,Manual,Flex,Cinza,4,Nao,Sim,10,11420
C1271,Fiat,2019,100404,1.4,Automatico,Flex,Vermelho,2,Nao,Sim,4,59194
C1272,Volkswagen,2022,19545,1.0,Manual,Flex,Preto,4,Nao,Sim,9,72732
C1273,Honda,2013,202350,1.0,Automatico,Flex,Vermelho,4,Nao,Sim,2,56192
C1274,Renault,2006,300000,1.6,Manual,Diesel,Prata,4,Nao,Sim,8,9000
C1275,Fiat,2008,142605,1.8,Automatico,Flex,Cinza,2,Sim,Sim,5,37616
C1276,Volkswagen,2012,172940,1.0,Manual,Diesel,Branco,4,Nao,Sim,2,20346
C1277,Chevrolet,2022,20814,2.0,Manual,Gasolina,Branco,4,Nao,Sim,3,73138
C1278,Chevrolet,2020,67496,1.6,Manual,Diesel,Preto,4,Nao,Nao,8,60277
C1279,Fiat,2007,300000,1.0,Manual,Flex,Preto,4,Nao,Sim,1,9000
C1280,Hyundai,2008,283841,1.4,Manual,Flex,Branco,4,Sim,Sim,9,19697
C1281,Jeep,2008,159702,1.4,Manual,Gasolina,Branco,4,Nao,Sim,11,78916
C1282,Fiat,2015,145680,1.0,Manual,Flex,Preto,4,Nao,Sim,1,26851
C1283,Chevrolet,2011,229361,1.6,Automatico,Gasolina,Prata,4,Nao,Nao,1,37834
C1284,Hyundai,2005,297931,1.6,Manual,Gasolina,Azul,2,Nao,Sim,5,9839
C1285,Fiat,2007,0,1.4,Manual,Flex,Prata,4,Sim,Sim,10,31263
C1286,Renault,2010,86970,1.8,Automatico,Flex,Vermelho,4,Sim,Sim,10,36089
C1287,Volkswagen,2015,160257,2.0,Manual,Flex,Cinza,4,Sim,Sim,5,53464
C1288,Chevrolet,2019,21366,1.4,Manual,Flex,Vermelho,4,Sim,Nao,7,65385
C1289,Volkswagen,2018,125751,1.0,Manual,Gasolina,Azul,4,Nao,Sim,5,52003
C1290,Fiat,2006,300000,1.0,Automatico,Flex,Cinza,2,Sim,Nao,0,9000
C1291,Chevrolet,2012,17583,1.0,Automatico,Flex,Vermelho,4,Sim,Sim,8,56629
C1292,Volkswagen,2018,51998,1.6,Manual,Flex,Cinza,4,Nao,Sim,1,56453
C1293,Toyota,2006,207724,1.0,Automatico,Gasolina,Azul,4,Nao,Sim,2,51329
C1294,Chevrolet,2005,170045,1.4,Automatico,Gasolina,Prata,4,Nao,Sim,0,13570
C1295,Fiat,2012,151398,2.0,Automatico,Gasolina,Prata,4,Nao,Sim,9,43256
C1296,Renault,2023,16358,1.6,Automatico,Flex,Branco,4,Nao,Nao,11,68217
C1297,Volkswagen,2013,106952,1.0,Manual,Flex,Cinza,2,Nao,Sim,0,44436
C1298,Chevrolet,2019,64090,1.8,Manual,Flex,Prata,4,Sim,Sim,5,68025
C1299,Volkswagen,2012,71292,1.4,Manual,Flex,Cinza,4,Nao,Sim,0,49344
C1300,Jeep,2021,0,1.0,Manual,Gasolina,Cinza,4,Nao,Nao,8,103558
C1301,Hyundai,2018,73989,2.0,Automatico,Gasolina,Cinza,4,Sim,Nao,11,73781
C1302,Volkswagen,2013,193322,1.8,Manual,Hibrido,Vermelho,4,Sim,Sim,8,52986
C1303,Fiat,2007,254989,1.0,Automatico,Flex,Branco,4,Sim,Sim,11,9000
C1304,Fiat,2018,8992,1.0,Manual,Flex,Cinza,2,Nao,Sim,5,51260
C1305,Renault,2017,88487,1.0,Manual,Gasolina,Branco,4,Sim,Nao,0,40810
C1306,Volkswagen,2008,266852,1.6,Automatico,Flex,Prata,2,Nao,Sim,7,30859
C1307,Toyota,2010,178111,1.0,Manual,Diesel,Azul,4,Nao,Sim,2,57188
C1308,Fiat,2012,252042,1.0,Manual,Gasolina,Prata,4,Nao,Sim,5,9000
C1309,Toyota,2021,0,1.8,Manual,Flex,Vermelho,4,Sim,Nao,7,115589
C1310,Hyundai,2013,121332,2.0,Automatico,Diesel,Prata,4,Sim,Sim,0,55215
C1311,Hyundai,2017,98964,1.0,Automatico,Flex,Branco,4,Nao,Sim,9,55182
C1312,Jeep,2009,93854,1.0,Manual,Gasolina,Prata,4,Sim,Sim,9,71233
C1313,Chevrolet,2014,207778,1.0,Manual,Flex,Vermelho,4,Sim,Nao,1,25742
C1314,Chevrolet,2018,53946,1.4,Manual,Gasolina,Prata,4,Nao,Nao,11,57024
C1315,Honda,2016,114632,1.8,Manual,Flex,Cinza,4,Sim,Sim,3,75464
C1316,Chevrolet,2023,8287,1.8,Manual,Flex,Branco,4,Nao,Sim,0,89463
C1317,Chevrolet,2007,243654,1.8,Automatico,Flex,Prata,4,Sim,Sim,6,22996
C1318,Volkswagen,2013,88962,1.6,Manual,Flex,Azul,4,Nao,Sim,0,59731
C1319,Jeep,2012,103710,1.6,Manual,Gasolina,Branco,4,Nao,Sim,10,83749
C1320,Jeep,2005,300000,1.6,Manual,Flex,Prata,4,Nao,Nao,2,45042
C1321,Chevrolet,2018,53471,2.0,Automatico,Flex,Branco,4,Nao,Sim,11,80775
C1322,Hyundai,2012,178659,1.4,Manual,Flex,Cinza,4,Sim,Sim,3,39570
C1323,Chevrolet,2023,15964,1.6,Manual,Flex,Vermelho,2,Nao,Sim,5,80702
C1324,Honda,2005,300000,1.0,Manual,Diesel,Branco,4,Nao,Nao,10,28918
C1325,Chevrolet,2015,138091,1.6,Automatico,Flex,Preto,4,Sim,Nao,8,64715
C1326,Jeep,2015,163548,1.4,Manual,Flex,Branco,4,Nao,Nao,2,80338
C1327,Chevrolet,2014,210871,1.8,Automatico,Flex,Vermelho,4,Sim,Sim,3,44728
C1328,Fiat,2011,146596,1.4,Manual,Flex,Prata,4,Nao,Sim,7,26935
C1329,Volkswagen,2007,270743,1.6,Manual,Flex,Prata,4,Sim,Sim,3,11961
C1330,Hyundai,2014,86474,1.4,Manual,Flex,Branco,4,Sim,Sim,8,51266
C1331,Fiat,2014,164083,1.4,Manual,Flex,Preto,4,Sim,Sim,2,27944
C1332,Honda,2020,61191,1.4,Manual,Diesel,Prata,4,Nao,Sim,10,83765
C1333,Fiat,2014,167569,1.4,Automatico,Gasolina,Prata,4,Nao,Sim,7,30045
C1334,Fiat,2021,30157,1.6,Automatico,Flex,Prata,4,Nao,Sim,1,67719
C1335,Chevrolet,2020,38982,1.0,Automatico,Diesel,Prata,4,Sim,Nao,10,68843
C1336,Toyota,2015,79271,2.0,Manual,Flex,Branco,4,Nao,Sim,0,77832
C1337,Fiat,2015,94550,1.6,Manual,Flex,Cinza,4,Sim,Sim,5,51576
C1338,Chevrolet,2023,6068,1.4,Automatico,Flex,Vermelho,4,Sim,Sim,10,85893
C1339,Renault,2005,300000,1.8,Manual,Flex,Preto,4,Nao,Sim,0,9000
C1340,Jeep,2019,16456,1.4,Automatico,Flex,Branco,4,Nao,Sim,8,102412
C1341,Chevrolet,2023,5554,1.0,Automatico,Gasolina,Azul,2,Nao,Sim,2,70137
C1342,Hyundai,2005,300000,1.0,Automatico,Flex,Vermelho,4,Nao,Sim,10,9453
C1343,Volkswagen,2017,93797,1.0,Manual,Gasolina,Azul,2,Sim,Sim,11,65625
C1344,Fiat,2007,290070,1.6,Manual,Gasolina,Branco,4,Nao,Sim,8,9000
C1345,Fiat,2019,56472,1.6,Manual,Flex,Vermelho,4,Nao,Sim,0,57124
C1346,Toyota,2022,19144,1.0,Manual,Hibrido,Branco,4,Nao,Sim,8,98068
C1347,Honda,2019,48029,1.4,Manual,Flex,Azul,2,Sim,Sim,7,92832
C1348,Fiat,2005,233893,1.0,Manual,Flex,Prata,2,Sim,Sim,10,9000
C1349,Honda,2018,110103,1.6,Manual,Gasolina,Prata,4,Nao,Sim,1,75345
C1350,Hyundai,2019,76028,1.0,Automatico,Diesel,Prata,4,Nao,Sim,8,60976
C1351,Toyota,2015,71798,1.4,Automatico,Gasolina,Vermelho,2,Nao,Nao,11,85217
C1352,Toyota,2015,38607,1.4,Automatico,Flex,Prata,4,Nao,Nao,5,94496
C1353,Volkswagen,2013,53583,1.0,Manual,Diesel,Cinza,4,Nao,Nao,9,44162
C1354,Chevrolet,2022,35166,1.4,Automatico,Flex,Prata,4,Nao,Sim,0,72517
C1355,Honda,2018,60124,1.0,Manual,Flex,Preto,4,Nao,Sim,0,69275
C1356,Fiat,2011,105497,1.4,Automatico,Flex,Branco,4,Nao,Nao,11,34897
C1357,Honda,2016,106531,1.6,Manual,Gasolina,Branco,2,Nao,Sim,6,77461
C1358,Honda,2013,66371,1.0,Manual,Gasolina,Preto,4,Nao,Sim,8,62959
C1359,Fiat,2019,85667,1.0,Manual,Flex,Preto,2,Sim,Sim,10,44763
C1360,Volkswagen,2022,30925,1.0,Manual,Gasolina,Prata,4,Nao,Sim,1,58133
C1361,Chevrolet,2019,84199,1.4,Automatico,Flex,Azul,4,Sim,Sim,4,62667
C1362,Volkswagen,2010,243434,1.0,Automatico,Diesel,Cinza,4,Nao,Sim,10,36317
C1363,Hyundai,2009,177890,1.8,Automatico,Flex,Vermelho,4,Sim,Sim,3,45939
C1364,Chevrolet,2017,44647,1.8,Manual,Diesel,Vermelho,4,Sim,Sim,9,72514
C1365,Jeep,2022,13426,1.6,Manual,Gasolina,Vermelho,4,Sim,Sim,9,114058
C1366,Chevrolet,2021,44385,1.8,Automatico,Flex,Cinza,4,Sim,Nao,7,81076
C1367,Renault,2007,156206,1.6,Manual,Gasolina,Cinza,4,Sim,Nao,9,14221
C1368,Chevrolet,2018,81271,1.6,Manual,Diesel,Prata,4,Nao,Sim,3,52530
C1369,Fiat,2010,162310,1.4,Automatico,Flex,Vermelho,4,Nao,Sim,4,36097
C1370,Chevrolet,2009,138840,1.0,Manual,Gasolina,Cinza,4,Sim,Sim,8,31973
C1371,Jeep,2015,79402,1.6,Automatico,Gasolina,Prata,4,Nao,Sim,11,103623
C1372,Chevrolet,2018,110618,1.0,Manual,Flex,Prata,4,Nao,Sim,3,42654
C1373,Hyundai,2014,129972,1.4,Manual,Flex,Branco,4,Nao,Sim,7,47211
C1374,Fiat,2023,16706,1.4,Manual,Diesel,Vermelho,4,Nao,Sim,7,72576
C1375,Fiat,2022,19766,1.0,Automatico,Flex,Cinza,4,Sim,Sim,0,68755
C1376,Jeep,2023,20081,1.8,Automatico,Gasolina,Vermelho,4,Sim,Sim,6,129383
C1377,Renault,2016,50908,2.0,Manual,Flex,Branco,2,Nao,Sim,9,58402
C1378,Chevrolet,2023,6895,1.6,Manual,Flex,Prata,2,Sim,Sim,7,83268
C1379,Chevrolet,2008,86324,1.4,Automatico,Flex,Branco,4,Sim,Nao,7,41089
C1380,Renault,2023,9148,1.0,Automatico,Flex,Azul,4,Sim,Sim,4,67653
C1381,Chevrolet,2017,34209,1.6,Manual,Flex,Azul,4,Nao,Sim,5,60166
C1382,Volkswagen,2008,228392,1.0,Automatico,Flex,Azul,4,Sim,Sim,2,29358
C1383,Renault,2014,182182,1.4,Automatico,Flex,Vermelho,4,Nao,Sim,5,26498
C1384,Renault,2005,276268,1.8,Manual,Flex,Cinza,4,Nao,Sim,6,9000
C1385,Chevrolet,2019,40382,1.4,Manual,Diesel,Azul,4,Sim,Nao,2,53507
C1386,Hyundai,2014,159710,1.6,Manual,Flex,Vermelho,4,Nao,Nao,2,43644
C1387,Volkswagen,2017,136583,1.4,Automatico,Flex,Prata,4,Sim,Sim,11,65668
C1388,Hyundai,2012,219936,1.0,Automatico,Gasolina,Preto,4,Sim,Sim,6,31906
C1389,Hyundai,2008,300000,1.4,Manual,Flex,Preto,4,Sim,Nao,3,9000
C1390,Renault,2019,15258,1.8,Manual,Flex,Vermelho,4,Sim,Sim,4,63271
C1391,Volkswagen,2018,60913,1.6,Manual,Gasolina,Preto,4,Sim,Sim,8,74898
C1392,Renault,2020,38468,1.4,Automatico,Gasolina,Branco,4,Sim,Sim,1,58354
C1393,Jeep,2010,176283,1.4,Manual,Diesel,Azul,4,Sim,Sim,4,70733
C1394,Toyota,2023,13650,1.0,Automatico,Hibrido,Branco,4,Sim,Sim,7,100887
C1395,Fiat,2011,147883,1.8,Automatico,Flex,Cinza,4,Nao,Sim,8,44730
C1396,Hyundai,2011,207864,1.4,Manual,Flex,Prata,4,Sim,Sim,11,31280
C1397,Toyota,2019,66810,1.8,Manual,Gasolina,Preto,4,Nao,Nao,0,87430
C1398,Chevrolet,2017,145317,1.8,Manual,Flex,Branco,2,Sim,Nao,1,51267
C1399,Fiat,2018,89088,1.6,Manual,Flex,Prata,2,Nao,Sim,2,45518
C1400,Fiat,2015,90773,1.6,Manual,Flex,Preto,4,Nao,Sim,3,32490
C1401,Volkswagen,2013,177758,1.6,Automatico,Flex,Cinza,4,Sim,Sim,8,47533
C1402,Fiat,2023,5454,1.0,Automatico,Flex,Preto,4,Nao,Nao,4,60930
C1403,Renault,2020,59839,1.0,Manual,Flex,Prata,4,Nao,Sim,1,41302
C1404,Fiat,2006,240915,1.6,Manual,Flex,Branco,4,Nao,Nao,0,9000
C1405,Volkswagen,2013,229288,2.0,Manual,Flex,Preto,2,Sim,Sim,3,41824
C1406,Hyundai,2005,139973,1.0,Manual,Flex,Cinza,4,Nao,Sim,4,14700
C1407,Renault,2019,71818,1.0,Manual,Flex,Preto,4,Sim,Sim,9,48976
C1408,Jeep,2011,259969,1.6,Automatico,Flex,Prata,4,Nao,Sim,7,69767
C1409,Toyota,2016,72866,1.0,Manual,Flex,Cinza,4,Nao,Sim,3,74926
C1410,Volkswagen,2021,10600,1.0,Manual,Gasolina,Branco,4,Nao,Sim,1,73741
C1411,Fiat,2008,292152,1.4,Automatico,Flex,Azul,4,Sim,Nao,2,10540
C1412,Volkswagen,2018,108624,1.0,Manual,Flex,Preto,4,Nao,Sim,4,51854
C1413,Volkswagen,2017,148248,1.6,Manual,Gasolina,Vermelho,4,Sim,Sim,3,57578
C1414,Fiat,2023,18191,1.4,Automatico,Flex,Preto,2,Sim,Nao,9,78597
C1415,Fiat,2012,94074,1.6,Manual,Flex,Preto,4,Nao,Sim,4,37301
C1416,Toyota,2019,66712,1.0,Manual,Diesel,Azul,4,Sim,Nao,4,90459
C1417,Hyundai,2009,208446,1.4,Manual,Flex,Branco,4,Sim,Sim,6,22311
C1418,Fiat,2021,45971,1.4,Manual,Gasolina,Vermelho,4,Sim,Nao,5,60116
C1419,Honda,2016,63096,1.0,Automatico,Flex,Branco,2,Sim,Nao,6,70861
C1420,Fiat,2008,168481,1.4,Manual,Gasolina,Vermelho,4,Nao,Sim,1,16770
C1421,Chevrolet,2009,117733,1.4,Manual,Flex,Preto,4,Nao,Sim,9,33629
C1422,Hyundai,2015,224222,1.0,Manual,Flex,Preto,4,Nao,Nao,10,37066
C1423,Honda,2016,166435,1.4,Automatico,Gasolina,Cinza,4,Sim,Sim,4,70539
C1424,Volkswagen,2015,145516,1.6,Manual,Diesel,Cinza,4,Sim,Sim,0,56335
C1425,Chevrolet,2022,24004,1.6,Manual,Hibrido,Cinza,4,Sim,Nao,4,70386
C1426,Fiat,2013,97444,1.0,Manual,Diesel,Branco,4,Sim,Sim,6,29729
C1427,Toyota,2007,300000,2.0,Manual,Flex,Prata,4,Nao,Sim,6,43931
C1428,Volkswagen,2023,13086,1.0,Manual,Flex,Cinza,2,Nao,Sim,11,70266
C1429,Hyundai,2016,147178,1.6,Manual,Gasolina,Prata,2,Sim,Sim,8,50588
C1430,Volkswagen,2006,276398,1.8,Automatico,Diesel,Branco,4,Sim,Sim,2,29738
C1431,Renault,2014,168364,1.8,Automatico,Flex,Cinza,4,Nao,Sim,0,36088
C1432,Renault,2020,47606,1.8,Manual,Gasolina,Branco,4,Nao,Sim,10,61765
C1433,Fiat,2021,53782,1.8,Manual,Gasolina,Preto,4,Nao,Sim,2,62393
C1434,Chevrolet,2018,114321,1.4,Manual,Gasolina,Cinza,4,Sim,Sim,4,59138
C1435,Fiat,2021,27677,1.4,Manual,Flex,Branco,4,Nao,Nao,5,59789
C1436,Chevrolet,2016,75522,1.0,Manual,Gasolina,Preto,4,Sim,Sim,8,59653
C1437,Chevrolet,2010,76970,1.0,Manual,Flex,Cinza,4,Nao,Nao,8,27420
C1438,Fiat,2014,32624,1.0,Automatico,Flex,Preto,4,Sim,Nao,9,39514
C1439,Toyota,2021,33889,1.0,Manual,Gasolina,Cinza,4,Sim,Nao,0,96037
C1440,Volkswagen,2007,185891,1.4,Automatico,Diesel,Preto,4,Nao,Sim,4,29151
C1441,Honda,2007,300000,1.6,Automatico,Flex,Prata,4,Sim,Sim,4,42843
C1442,Chevrolet,2021,55278,1.4,Automatico,Flex,Branco,4,Nao,Sim,8,70282
C1443,Chevrolet,2013,146171,1.8,Manual,Flex,Prata,4,Nao,Sim,5,40887
C1444,Fiat,2023,4628,1.4,Automatico,Flex,Prata,4,Sim,Nao,9,83693
C1445,Renault,2008,300000,1.6,Manual,Flex,Preto,4,Nao,Nao,11,9000
C1446,Volkswagen,2008,300000,1.0,Automatico,Diesel,Vermelho,4,Sim,Sim,0,22581
C1447,Fiat,2013,170811,1.6,Manual,Flex,Branco,4,Nao,Sim,11,31621
C1448,Volkswagen,2008,235507,1.0,Manual,Flex,Branco,4,Nao,Sim,10,16652
C1449,Jeep,2006,145694,1.6,Automatico,Flex,Branco,4,Nao,Sim,1,73230
C1450,Fiat,2013,161964,2.0,Manual,Gasolina,Vermelho,4,Sim,Sim,6,31957
C1451,Renault,2008,209423,1.6,Automatico,Flex,Vermelho,4,Nao,Sim,8,16505
C1452,Fiat,2013,134132,1.4,Automatico,Gasolina,Cinza,4,Nao,Nao,9,37776
C1453,Hyundai,2015,122507,1.4,Automatico,Diesel,Vermelho,4,Sim,Sim,1,58955
C1454,Renault,2015,117555,1.4,Manual,Flex,Branco,4,Nao,Nao,2,29576
C1455,Chevrolet,2020,27718,1.8,Automatico,Flex,Azul,4,Sim,Nao,0,87326
C1456,Volkswagen,2020,65861,1.0,Manual,Flex,Branco,2,Nao,Sim,3,61515
C1457,Hyundai,2005,98723,1.0,Manual,Gasolina,Cinza,4,Nao,Nao,2,23862
C1458,Chevrolet,2011,55522,1.0,Automatico,Hibrido,Azul,4,Nao,Sim,8,54556
C1459,Renault,2020,68599,1.0,Automatico,Flex,Cinza,4,Sim,Sim,7,60594
C1460,Honda,2014,125075,1.0,Automatico,Gasolina,Branco,2,Nao,Sim,7,76282
C1461,Fiat,2009,250138,1.0,Manual,Hibrido,Prata,4,Nao,Nao,11,10691
C1462,Renault,2010,299930,1.6,Manual,Flex,Branco,4,Nao,Sim,8,9000
C1463,Fiat,2019,67100,1.0,Manual,Gasolina,Prata,4,Nao,Sim,3,47992
C1464,Fiat,2021,27616,1.0,Manual,Gasolina,Azul,4,Nao,Sim,7,57447
C1465,Toyota,2011,71417,1.8,Automatico,Gasolina,Azul,4,Nao,Sim,0,82367
C1466,Hyundai,2017,142066,1.0,Automatico,Flex,Prata,4,Nao,Sim,1,50121
C1467,Toyota,2020,49808,1.4,Manual,Gasolina,Preto,4,Nao,Sim,8,90294
C1468,Honda,2017,160063,1.8,Automatico,Gasolina,Preto,4,Nao,Sim,6,86745
C1469,Hyundai,2007,300000,1.8,Automatico,Gasolina,Preto,4,Nao,Nao,3,18068
C1470,Chevrolet,2008,130819,1.0,Automatico,Flex,Azul,4,Sim,Nao,1,25201
C1471,Chevrolet,2006,255678,1.6,Manual,Flex,Azul,4,Nao,Sim,9,9538
C1472,Toyota,2019,55189,1.0,Manual,Gasolina,Azul,4,Nao,Sim,9,74860
C1473,Chevrolet,2019,81801,1.8,Manual,Gasolina,Prata,4,Nao,Sim,3,64307
C1474,Volkswagen,2018,44793,1.0,Manual,Flex,Cinza,4,Nao,Nao,6,58454
C1475,Toyota,2012,75917,1.0,Manual,Diesel,Azul,4,Nao,Sim,4,65406
C1476,Fiat,2006,51027,1.4,Automatico,Flex,Azul,4,Nao,Nao,3,21563
C1477,Toyota,2007,111661,1.0,Automatico,Gasolina,Vermelho,4,Nao,Nao,0,54143
C1478,Toyota,2020,0,1.0,Automatico,Flex,Branco,4,Nao,Sim,3,95839
C1479,Renault,2006,112455,1.0,Manual,Hibrido,Prata,4,Sim,Sim,10,9000
C1480,Hyundai,2013,133716,1.0,Automatico,Flex,Preto,4,Sim,Nao,10,52067
C1481,Toyota,2023,5510,1.6,Automatico,Flex,Branco,2,Sim,Sim,0,115522
C1482,Honda,2022,29513,1.4,Manual,Flex,Cinza,4,Sim,Sim,7,98502
C1483,Hyundai,2008,208564,2.0,Manual,Gasolina,Vermelho,4,Sim,Sim,10,37914
C1484,Renault,2009,106310,1.6,Automatico,Gasolina,Preto,4,Sim,Sim,10,39957
C1485,Fiat,2005,145829,1.6,Manual,Flex,Preto,2,Nao,Sim,8,11885
C1486,Chevrolet,2023,5370,1.4,Automatico,Flex,Azul,2,Nao,Sim,5,79822
C1487,Hyundai,2016,117210,1.0,Manual,Flex,Branco,4,Sim,Sim,10,48499
C1488,Fiat,2006,120061,1.8,Manual,Flex,Branco,4,Nao,Sim,4,20297
C1489,Volkswagen,2010,270337,1.0,Manual,Gasolina,Prata,2,Nao,Sim,8,13363
C1490,Jeep,2013,169390,1.0,Manual,Flex,Preto,4,Nao,Sim,11,71408
C1491,Chevrolet,2013,126284,1.8,Automatico,Flex,Branco,4,Nao,Sim,6,53154
C1492,Fiat,2012,137597,1.0,Manual,Gasolina,Cinza,4,Sim,Nao,2,23764
C1493,Honda,2023,23918,1.8,Automatico,Hibrido,Azul,4,Sim,Nao,9,116479
C1494,Toyota,2005,23778,1.4,Automatico,Flex,Preto,4,Nao,Sim,10,67079
C1495,Chevrolet,2018,103773,2.0,Automatico,Diesel,Vermelho,2,Nao,Nao,8,68145
C1496,Fiat,2007,189449,1.4,Automatico,Flex,Azul,4,Nao,Nao,8,17406
C1497,Renault,2010,193978,1.8,Automatico,Flex,Azul,2,Nao,Sim,0,16030
C1498,Fiat,2021,0,1.8,Automatico,Flex,Prata,2,Sim,Nao,2,77835
C1499,Hyundai,2016,151783,1.6,Automatico,Flex,Vermelho,2,Sim,Sim,10,57948
C1500,Fiat,2015,129138,1.8,Automatico,Flex,Azul,2,Nao,Nao,8,45596
C1501,Fiat,2014,173228,2.0,Automatico,Flex,Cinza,4,Sim,Sim,10,45439
C1502,Volkswagen,2021,23189,1.6,Automatico,Gasolina,Cinza,4,Nao,Sim,1,69361
C1503,Fiat,2016,99730,1.6,Manual,Flex,Branco,4,Nao,Sim,7,43533
C1504,Hyundai,2007,275034,1.0,Automatico,Flex,Preto,4,Sim,Nao,3,25746
C1505,Jeep,2023,20073,1.4,Manual,Flex,Branco,4,Sim,Sim,10,119062
C1506,Chevrolet,2014,85465,1.6,Automatico,Flex,Vermelho,4,Nao,Sim,5,57137
C1507,Hyundai,2005,300000,1.6,Manual,Gasolina,Vermelho,2,Nao,Nao,1,9376
C1508,Volkswagen,2021,54055,2.0,Automatico,Flex,Vermelho,4,Nao,Sim,5,87453
C1509,Toyota,2017,70508,2.0,Manual,Gasolina,Preto,4,Nao,Nao,11,91440
C1510,Fiat,2007,244254,1.8,Manual,Flex,Branco,4,Nao,Sim,3,9000
C1511,Volkswagen,2017,135676,1.0,Automatico,Flex,Branco,4,Sim,Nao,10,56998
C1512,Chevrolet,2006,280857,1.8,Automatico,Flex,Prata,4,Nao,Sim,0,23864
C1513,Hyundai,2015,205585,1.8,Manual,Gasolina,Vermelho,4,Nao,Sim,9,42238
C1514,Renault,2021,20806,1.6,Manual,Gasolina,Branco,4,Sim,Sim,3,60044
C1515,Chevrolet,2008,268596,1.4,Manual,Diesel,Preto,2,Sim,Sim,11,14418
C1516,Toyota,2006,273209,1.6,Manual,Flex,Branco,4,Nao,Sim,9,47223
C1517,Hyundai,2022,54883,1.8,Manual,Flex,Vermelho,4,Sim,Nao,6,77269
C1518,Jeep,2018,26751,1.8,Manual,Flex,Vermelho,4,Sim,Sim,3,112002
C1519,Toyota,2012,85313,1.0,Manual,Gasolina,Preto,4,Sim,Sim,5,74786
C1520,Jeep,2020,19118,1.0,Manual,Gasolina,Cinza,4,Sim,Sim,2,100761
C1521,Toyota,2023,11015,1.0,Manual,Flex,Preto,4,Sim,Sim,11,107013
C1522,Fiat,2009,284508,1.0,Automatico,Hibrido,Azul,4,Nao,Sim,10,9155
C1523,Honda,2022,49629,1.8,Manual,Flex,Branco,4,Nao,Sim,7,96801
C1524,Volkswagen,2023,7024,1.8,Manual,Flex,Branco,4,Nao,Nao,6,84174
C1525,Chevrolet,2011,178885,1.6,Manual,Flex,Prata,2,Sim,Sim,3,26226
C1526,Fiat,2021,9755,1.6,Automatico,Diesel,Azul,4,Sim,Nao,5,79612
C1527,Toyota,2017,134569,1.6,Automatico,Flex,Branco,2,Sim,Sim,1,87652
C1528,Fiat,2009,265315,1.8,Automatico,Flex,Azul,4,Sim,Nao,3,28446
C1529,Fiat,2022,43733,1.0,Automatico,Gasolina,Branco,2,Nao,Sim,6,64393
C1530,Volkswagen,2014,152585,1.6,Manual,Flex,Vermelho,4,Sim,Nao,6,56810
C1531,Volkswagen,2005,214933,2.0,Manual,Gasolina,Cinza,4,Nao,Nao,5,15425
C1532,Chevrolet,2014,65443,2.0,Automatico,Gasolina,Azul,4,Nao,Sim,1,65517
C1533,Renault,2015,130257,1.6,Automatico,Flex,Branco,4,Nao,Sim,5,39180
C1534,Toyota,2009,300000,1.6,Automatico,Diesel,Preto,4,Nao,Nao,8,53624
C1535,Chevrolet,2021,25318,2.0,Manual,Flex,Preto,4,Nao,Sim,2,78599
C1536,Chevrolet,2019,95800,1.0,Manual,Flex,Azul,2,Nao,Sim,7,49052
C1537,Volkswagen,2019,53799,1.8,Manual,Gasolina,Azul,4,Nao,Sim,5,74785
C1538,Renault,2010,181428,1.4,Manual,Flex,Preto,4,Sim,Sim,0,14696
C1539,Hyundai,2022,26974,1.0,Manual,Flex,Preto,4,Nao,Nao,10,75037
C1540,Hyundai,2018,139828,1.4,Manual,Flex,Prata,4,Sim,Sim,5,49639
C1541,Fiat,2018,110835,1.4,Automatico,Gasolina,Azul,4,Sim,Sim,2,54519
C1542,Fiat,2021,46046,1.0,Manual,Flex,Prata,4,Nao,Nao,5,46516
C1543,Hyundai,2021,21800,1.0,Automatico,Flex,Preto,4,Nao,Sim,9,76065
C1544,Honda,2015,34778,1.8,Manual,Flex,Azul,2,Nao,Sim,9,94674
C1545,Fiat,2016,69695,2.0,Manual,Gasolina,Vermelho,4,Sim,Nao,10,52952
C1546,Honda,2006,266013,1.6,Automatico,Gasolina,Preto,4,Sim,Nao,5,48454
C1547,Fiat,2019,64449,1.6,Manual,Hibrido,Cinza,4,Nao,Sim,9,48664
C1548,Chevrolet,2007,192129,1.4,Manual,Diesel,Vermelho,4,Nao,Sim,1,19488
C1549,Hyundai,2005,162622,1.4,Automatico,Gasolina,Cinza,4,Nao,Sim,6,21244
C1550,Fiat,2014,95514,1.4,Manual,Gasolina,Preto,4,Nao,Sim,6,31454
C1551,Hyundai,2017,54807,1.4,Manual,Hibrido,Preto,4,Sim,Sim,5,57246
C1552,Hyundai,2021,8177,1.4,Automatico,Diesel,Branco,4,Nao,Sim,2,85566
C1553,Volkswagen,2006,256110,1.4,Automatico,Flex,Preto,4,Nao,Nao,9,21838
C1554,Renault,2014,62860,1.4,Manual,Flex,Azul,4,Nao,Nao,10,36537
C1555,Toyota,2017,80622,1.8,Manual,Diesel,Prata,4,Sim,Sim,8,89117
C1556,Chevrolet,2011,181949,1.4,Manual,Flex,Preto,4,Nao,Sim,5,35606
C1557,Hyundai,2023,12621,1.8,Manual,Hibrido,Azul,4,Nao,Sim,7,88682
C1558,Fiat,2023,7649,1.8,Manual,Hibrido,Prata,4,Nao,Sim,11,66533
C1559,Chevrolet,2013,262147,1.6,Automatico,Gasolina,Vermelho,4,Sim,Sim,6,38451
C1560,Jeep,2018,78750,1.6,Manual,Gasolina,Azul,4,Nao,Sim,10,100600
C1561,Jeep,2014,204876,1.6,Automatico,Gasolina,Prata,4,Sim,Nao,2,80939
C1562,Chevrolet,2009,83670,1.4,Automatico,Flex,Azul,2,Nao,Nao,5,40029
C1563,Chevrolet,2022,7403,1.0,Automatico,Flex,Cinza,4,Nao,Nao,1,73597
C1564,Toyota,2014,81600,1.8,Automatico,Gasolina,Cinza,4,Nao,Sim,7,91925
C1565,Chevrolet,2006,134208,1.4,Automatico,Flex,Branco,4,Sim,Nao,1,32361
C1566,Fiat,2018,101777,2.0,Automatico,Flex,Cinza,4,Sim,Sim,2,60331
C1567,Jeep,2010,73284,1.6,Automatico,Flex,Prata,4,Sim,Nao,7,90238
C1568,Chevrolet,2020,51829,1.0,Automatico,Flex,Azul,4,Sim,Nao,8,69288
C1569,Hyundai,2009,117410,1.0,Manual,Flex,Cinza,2,Sim,Sim,8,33861
C1570,Chevrolet,2019,109605,1.4,Automatico,Flex,Vermelho,4,Sim,Sim,1,67454
C1571,Renault,2020,38193,1.6,Automatico,Flex,Cinza,4,Nao,Nao,8,57376
C1572,Toyota,2006,300000,1.8,Manual,Flex,Vermelho,2,Nao,Nao,1,43529
C1573,Fiat,2022,26664,1.8,Automatico,Flex,Preto,2,Nao,Nao,1,71184
C1574,Toyota,2021,39078,2.0,Manual,Flex,Preto,4,Nao,Sim,2,104667
C1575,Fiat,2021,34620,1.4,Manual,Gasolina,Cinza,4,Nao,Sim,1,54404
C1576,Volkswagen,2011,210755,1.0,Manual,Flex,Azul,2,Nao,Sim,4,36797
C1577,Chevrolet,2022,21561,1.8,Manual,Flex,Cinza,4,Nao,Sim,6,74478
C1578,Hyundai,2017,62062,1.8,Automatico,Flex,Cinza,4,Sim,Sim,5,71973
C1579,Toyota,2015,54896,1.0,Manual,Hibrido,Azul,4,Nao,Nao,8,82286
C1580,Volkswagen,2009,186139,1.8,Manual,Flex,Cinza,4,Sim,Sim,2,39670
C1581,Volkswagen,2016,103572,1.0,Manual,Gasolina,Branco,4,Nao,Sim,0,42402
C1582,Volkswagen,2017,51702,1.8,Manual,Gasolina,Azul,4,Nao,Sim,8,64713
C1583,Honda,2012,0,1.0,Manual,Diesel,Branco,4,Sim,Nao,9,80286
C1584,Volkswagen,2018,86669,1.4,Automatico,Flex,Cinza,4,Nao,Nao,11,72797
C1585,Renault,2006,188351,1.4,Manual,Flex,Azul,4,Sim,Nao,6,18669
C1586,Jeep,2023,5190,1.6,Manual,Flex,Branco,4,Sim,Sim,11,123908
C1587,Toyota,2016,50322,1.4,Manual,Flex,Cinza,4,Nao,Sim,7,84458
C1588,Toyota,2009,191015,1.4,Manual,Flex,Cinza,4,Sim,Sim,2,60520
C1589,Volkswagen,2012,251665,1.0,Manual,Flex,Branco,4,Sim,Sim,1,24963
C1590,Toyota,2021,23637,1.4,Manual,Flex,Vermelho,4,Sim,Sim,6,100017
C1591,Honda,2018,48270,1.4,Automatico,Flex,Preto,4,Sim,Sim,9,88935
C1592,Hyundai,2022,25365,1.0,Manual,Flex,Branco,4,Sim,Nao,11,71322
C1593,Fiat,2014,70885,1.0,Automatico,Flex,Vermelho,4,Sim,Nao,11,39236
C1594,Honda,2016,135827,1.4,Manual,Flex,Azul,4,Nao,Nao,4,60823
C1595,Fiat,2007,136781,1.0,Manual,Flex,Branco,4,Nao,Nao,0,9000
C1596,Chevrolet,2022,37830,1.6,Automatico,Hibrido,Prata,4,Sim,Nao,1,73236
C1597,Volkswagen,2022,32023,1.0,Automatico,Flex,Branco,4,Nao,Nao,5,71388
C1598,Chevrolet,2006,279867,1.4,Manual,Flex,Preto,4,Sim,Sim,10,13841
C1599,Toyota,2021,20535,1.8,Manual,Gasolina,Prata,2,Sim,Sim,11,111807
C1600,Renault,2022,13998,1.6,Manual,Flex,Prata,4,Sim,Sim,3,67376
C1601,Renault,2016,106521,2.0,Manual,Gasolina,Branco,4,Nao,Nao,1,39549
C1602,Volkswagen,2006,71493,2.0,Automatico,Gasolina,Preto,4,Sim,Nao,5,62959
C1603,Hyundai,2013,118487,1.6,Manual,Flex,Azul,4,Nao,Nao,3,44706
C1604,Renault,2017,107794,1.0,Automatico,Gasolina,Branco,2,Nao,Sim,0,39552
C1605,Jeep,2007,94046,1.0,Manual,Flex,Prata,4,Nao,Nao,1,63830
C1606,Fiat,2023,19025,1.8,Automatico,Flex,Azul,4,Sim,Sim,7,79379
C1607,Renault,2021,0,1.4,Automatico,Flex,Vermelho,4,Nao,Sim,11,82506
C1608,Fiat,2005,300000,1.0,Manual,Flex,Cinza,4,Sim,Sim,10,9000
C1609,Volkswagen,2017,110393,1.6,Manual,Flex,Vermelho,4,Sim,Sim,0,62552
C1610,Volkswagen,2013,121136,1.8,Manual,Gasolina,Prata,4,Nao,Sim,7,47460
C1611,Fiat,2022,32606,1.4,Automatico,Diesel,Preto,2,Nao,Nao,1,64195
C1612,Chevrolet,2016,44036,1.4,Manual,Diesel,Prata,4,Nao,Sim,6,51920
C1613,Volkswagen,2007,68925,2.0,Automatico,Flex,Prata,4,Sim,Sim,0,61624
C1614,Chevrolet,2018,99443,1.0,Manual,Gasolina,Azul,4,Nao,Nao,5,44865
C1615,Fiat,2023,19279,1.4,Manual,Flex,Vermelho,4,Nao,Sim,4,62257
C1616,Honda,2011,135631,1.8,Automatico,Diesel,Preto,2,Nao,Sim,1,74101
C1617,Volkswagen,2007,178594,1.0,Automatico,Gasolina,Cinza,2,Sim,Sim,3,37225
C1618,Volkswagen,2007,139170,1.8,Automatico,Gasolina,Branco,2,Sim,Nao,11,42352
C1619,Volkswagen,2015,106669,1.0,Manual,Hibrido,Vermelho,2,Nao,Sim,6,44161
C1620,Honda,2017,28563,1.0,Automatico,Diesel,Cinza,4,Sim,Nao,9,88432
C1621,Toyota,2021,3601,2.0,Automatico,Flex,Vermelho,4,Nao,Sim,2,109145
C1622,Hyundai,2006,213801,1.6,Manual,Diesel,Azul,4,Sim,Sim,1,27634
C1623,Volkswagen,2006,160956,1.0,Manual,Flex,Prata,4,Sim,Sim,8,23644
C1624,Volkswagen,2011,265159,1.6,Manual,Gasolina,Branco,4,Nao,Sim,9,31459
C1625,Honda,2018,64519,2.0,Manual,Flex,Vermelho,2,Sim,Sim,9,93821
C1626,Honda,2015,156008,1.0,Manual,Flex,Azul,4,Nao,Sim,7,55146
C1627,Chevrolet,2014,102992,1.4,Automatico,Flex,Azul,4,Nao,Sim,10,45618
C1628,Hyundai,2021,29802,1.6,Manual,Flex,Preto,2,Nao,Sim,7,68085
C1629,Chevrolet,2006,137086,1.4,Automatico,Flex,Vermelho,2,Nao,Nao,4,35562
C1630,Honda,2011,45114,1.0,Automatico,Flex,Preto,4,Nao,Nao,3,62712
C1631,Toyota,2017,12118,1.0,Automatico,Flex,Prata,4,Nao,Nao,0,87956
C1632,Hyundai,2020,69470,1.4,Manual,Flex,Prata,2,Sim,Sim,10,62847
C1633,Fiat,2012,126745,1.6,Manual,Flex,Azul,4,Sim,Nao,11,29022
C1634,Volkswagen,2017,113866,1.8,Automatico,Gasolina,Vermelho,4,Nao,Sim,7,58812
C1635,Chevrolet,2008,213768,1.4,Manual,Flex,Prata,4,Nao,Sim,4,23324
C1636,Chevrolet,2008,0,1.8,Automatico,Flex,Preto,4,Sim,Sim,8,66764
C1637,Toyota,2016,35378,1.0,Manual,Flex,Azul,4,Sim,Sim,7,85110
C1638,Volkswagen,2010,162512,1.0,Automatico,Flex,Vermelho,4,Nao,Sim,7,33298
C1639,Fiat,2023,13316,1.0,Manual,Flex,Prata,4,Sim,Sim,3,63370
C1640,Toyota,2005,167040,2.0,Automatico,Flex,Vermelho,4,Sim,Sim,11,64661
C1641,Chevrolet,2019,82533,1.8,Manual,Flex,Preto,4,Sim,Nao,8,73720
C1642,Hyundai,2022,55769,1.0,Manual,Flex,Preto,4,Sim,Sim,0,54634
C1643,Fiat,2016,158653,1.8,Manual,Diesel,Azul,4,Nao,Sim,1,31461
C1644,Chevrolet,2016,95342,1.8,Automatico,Gasolina,Cinza,4,Nao,Nao,8,68084
C1645,Chevrolet,2020,28091,1.4,Automatico,Flex,Cinza,4,Sim,Sim,9,69850
C1646,Volkswagen,2013,222005,2.0,Manual,Flex,Branco,4,Nao,Nao,3,43398
C1647,Volkswagen,2015,212070,1.8,Manual,Flex,Prata,4,Nao,Sim,1,42475
C1648,Volkswagen,2005,237977,1.4,Manual,Flex,Azul,4,Nao,Sim,2,16954
C1649,Jeep,2022,19128,1.0,Manual,Gasolina,Vermelho,2,Sim,Sim,0,106074
C1650,Fiat,2020,41438,1.8,Manual,Flex,Azul,4,Sim,Nao,3,59538
C1651,Jeep,2012,177108,2.0,Automatico,Flex,Preto,4,Nao,Sim,5,90583
C1652,Volkswagen,2010,203492,1.6,Manual,Diesel,Cinza,2,Nao,Nao,10,31742
C1653,Toyota,2018,68052,1.8,Automatico,Flex,Preto,4,Sim,Sim,3,99853
C1654,Honda,2011,125387,1.0,Manual,Flex,Cinza,4,Nao,Nao,5,46249
C1655,Renault,2011,56738,1.6,Automatico,Flex,Preto,4,Sim,Nao,6,44219
C1656,Fiat,2007,107261,1.6,Automatico,Flex,Azul,2,Nao,Sim,3,33202
C1657,Chevrolet,2007,233966,1.8,Manual,Flex,Cinza,4,Sim,Sim,6,31407
C1658,Fiat,2015,136231,1.4,Automatico,Flex,Cinza,4,Nao,Sim,6,22777
C1659,Hyundai,2007,300000,1.0,Automatico,Flex,Cinza,4,Sim,Sim,8,17221
C1660,Volkswagen,2011,198159,1.0,Manual,Diesel,Vermelho,4,Nao,Sim,5,14989
C1661,Chevrolet,2006,51328,2.0,Automatico,Flex,Preto,4,Sim,Sim,7,54673
C1662,Fiat,2020,49942,1.6,Manual,Flex,Vermelho,4,Sim,Sim,5,52098
C1663,Volkswagen,2015,124238,1.0,Automatico,Flex,Prata,4,Sim,Sim,10,59208
C1664,Toyota,2010,101232,1.0,Manual,Flex,Vermelho,4,Sim,Sim,3,64271
C1665,Chevrolet,2017,120924,1.8,Automatico,Flex,Cinza,4,Nao,Sim,11,69914
C1666,Chevrolet,2012,106948,1.8,Automatico,Flex,Preto,2,Nao,Sim,0,50226
C1667,Jeep,2006,211435,2.0,Automatico,Gasolina,Cinza,4,Nao,Sim,5,75916
C1668,Toyota,2010,219041,1.8,Manual,Flex,Cinza,4,Sim,Sim,6,62383
C1669,Chevrolet,2015,11899,1.0,Automatico,Gasolina,Azul,4,Nao,Sim,10,59362
C1670,Chevrolet,2017,166530,1.0,Automatico,Flex,Azul,4,Nao,Sim,5,48657
C1671,Hyundai,2023,8610,1.6,Manual,Flex,Prata,4,Nao,Sim,1,80447
C1672,Chevrolet,2021,29139,1.0,Automatico,Flex,Vermelho,4,Nao,Nao,0,69433
C1673,Chevrolet,2015,71303,2.0,Automatico,Flex,Branco,4,Nao,Sim,7,67728
C1674,Hyundai,2007,245365,1.4,Automatico,Flex,Vermelho,4,Nao,Nao,3,18578
C1675,Chevrolet,2019,111101,1.8,Automatico,Gasolina,Preto,4,Sim,Sim,10,69792
C1676,Toyota,2016,140597,1.0,Automatico,Flex,Azul,4,Nao,Sim,5,78999
C1677,Toyota,2013,227487,1.4,Automatico,Hibrido,Vermelho,4,Sim,Sim,8,75664
C1678,Fiat,2009,27210,1.4,Automatico,Flex,Vermelho,2,Nao,Nao,2,39430
C1679,Honda,2020,25189,1.0,Automatico,Gasolina,Cinza,2,Nao,Sim,0,89172
C1680,Jeep,2023,11316,1.0,Automatico,Flex,Preto,4,Sim,Nao,0,111622
C1681,Hyundai,2017,153755,1.0,Automatico,Flex,Prata,4,Sim,Sim,10,52672
C1682,Chevrolet,2021,31970,2.0,Manual,Flex,Azul,4,Sim,Sim,4,69739
C1683,Fiat,2007,183187,1.4,Automatico,Flex,Azul,4,Sim,Nao,9,29361
C1684,Hyundai,2020,32116,1.0,Manual,Gasolina,Branco,4,Nao,Nao,3,58503
C1685,Chevrolet,2022,23458,1.8,Automatico,Diesel,Prata,4,Sim,Nao,10,92678
C1686,Volkswagen,2009,262352,1.8,Automatico,Diesel,Azul,4,Nao,Nao,2,27288
C1687,Fiat,2007,224614,1.8,Automatico,Gasolina,Branco,4,Nao,Sim,5,20885
C1688,Hyundai,2023,15113,1.0,Automatico,Gasolina,Preto,4,Nao,Sim,8,83185
C1689,Toyota,2021,0,1.0,Manual,Gasolina,Prata,4,Sim,Sim,1,104832
C1690,Volkswagen,2019,79586,1.6,Automatico,Flex,Prata,4,Nao,Sim,3,61306
C1691,Volkswagen,2011,145864,2.0,Manual,Flex,Preto,4,Sim,Nao,4,48644
C1692,Honda,2021,44878,2.0,Manual,Flex,Preto,4,Sim,Sim,3,103446
C1693,Fiat,2009,244746,1.0,Automatico,Flex,Cinza,4,Nao,Sim,2,23991
C1694,Fiat,2009,195779,1.0,Automatico,Gasolina,Preto,4,Nao,Nao,5,13226
C1695,Fiat,2023,7184,1.4,Automatico,Flex,Prata,4,Nao,Sim,1,68376
C1696,Honda,2010,73690,1.6,Manual,Hibrido,Branco,4,Nao,Sim,8,83046
C1697,Fiat,2022,20171,2.0,Manual,Flex,Preto,4,Sim,Sim,8,69447
C1698,Hyundai,2019,0,1.0,Automatico,Gasolina,Vermelho,4,Nao,Sim,1,63320
C1699,Hyundai,2007,154174,2.0,Manual,Gasolina,Azul,4,Nao,Sim,6,32145
C1700,Chevrolet,2022,25775,1.4,Manual,Diesel,Prata,2,Nao,Sim,2,64578
C1701,Volkswagen,2018,7870,1.8,Manual,Flex,Prata,4,Sim,Nao,8,81639
C1702,Hyundai,2012,188872,1.6,Manual,Gasolina,Azul,4,Nao,Sim,6,35036
C1703,Toyota,2008,256049,1.8,Manual,Flex,Branco,4,Sim,Sim,5,63479
C1704,Fiat,2013,23207,1.0,Automatico,Flex,Azul,4,Nao,Sim,7,49626
C1705,Volkswagen,2007,149323,1.6,Manual,Flex,Vermelho,4,Sim,Nao,1,37702
C1706,Hyundai,2011,174696,1.0,Manual,Diesel,Cinza,4,Nao,Sim,6,27787
C1707,Volkswagen,2022,23223,1.8,Automatico,Flex,Vermelho,4,Sim,Nao,10,99435
C1708,Hyundai,2017,86160,1.0,Automatico,Gasolina,Preto,4,Sim,Sim,6,60200
C1709,Volkswagen,2015,115721,1.0,Manual,Flex,Branco,2,Nao,Nao,2,38843
C1710,Volkswagen,2011,129613,1.0,Manual,Gasolina,Vermelho,4,Sim,Sim,8,42329
C1711,Honda,2008,184297,1.4,Manual,Hibrido,Preto,4,Nao,Sim,3,55034
C1712,Volkswagen,2005,300000,1.0,Automatico,Diesel,Vermelho,4,Sim,Nao,9,14121
C1713,Renault,2013,160338,1.8,Automatico,Diesel,Preto,4,Sim,Sim,4,39875
C1714,Fiat,2019,78903,1.6,Automatico,Flex,Preto,4,Sim,Nao,7,60326
C1715,Jeep,2014,98371,1.0,Manual,Flex,Vermelho,4,Sim,Nao,1,76739
C1716,Fiat,2016,126553,1.8,Manual,Flex,Azul,4,Nao,Sim,1,33161
C1717,Renault,2018,91054,2.0,Manual,Gasolina,Preto,4,Nao,Sim,6,51682
C1718,Volkswagen,2015,114178,1.4,Automatico,Flex,Branco,4,Nao,Nao,0,55401
C1719,Chevrolet,2018,36708,1.8,Automatico,Flex,Preto,4,Sim,Sim,6,74235
C1720,Chevrolet,2020,15433,1.4,Automatico,Flex,Prata,4,Sim,Sim,7,70322
C1721,Hyundai,2019,73504,1.0,Manual,Hibrido,Vermelho,4,Sim,Sim,0,48367
C1722,Hyundai,2015,196362,1.0,Automatico,Gasolina,Preto,4,Nao,Sim,8,46251
C1723,Toyota,2021,33133,2.0,Manual,Hibrido,Azul,4,Sim,Sim,10,104920
C1724,Honda,2015,46211,1.0,Automatico,Flex,Branco,4,Nao,Sim,8,78981
C1725,Fiat,2012,202836,1.4,Manual,Gasolina,Cinza,4,Sim,Sim,5,17801
C1726,Honda,2011,191741,1.4,Manual,Flex,Cinza,4,Nao,Sim,7,60018
C1727,Hyundai,2013,94437,1.0,Automatico,Gasolina,Preto,4,Nao,Sim,3,45760
C1728,Jeep,2015,183291,1.6,Automatico,Flex,Prata,4,Sim,Sim,8,93131
C1729,Toyota,2020,22284,1.6,Manual,Flex,Vermelho,2,Sim,Sim,4,94035
C1730,Renault,2006,209472,1.8,Manual,Hibrido,Prata,2,Nao,Sim,10,9000
C1731,Volkswagen,2020,85362,1.6,Manual,Diesel,Preto,2,Nao,Sim,3,68477
C1732,Fiat,2016,37794,1.4,Manual,Flex,Azul,4,Sim,Sim,3,54239
C1733,Volkswagen,2022,31717,2.0,Manual,Gasolina,Branco,4,Nao,Nao,3,86788
C1734,Honda,2008,247878,1.6,Automatico,Flex,Branco,4,Sim,Sim,3,48257
C1735,Toyota,2017,6616,1.6,Automatico,Flex,Prata,4,Nao,Nao,6,96845
C1736,Toyota,2014,132707,2.0,Manual,Gasolina,Branco,4,Nao,Nao,1,72544
C1737,Fiat,2008,144978,1.6,Automatico,Flex,Branco,4,Sim,Nao,2,32263
C1738,Fiat,2008,192974,1.0,Manual,Gasolina,Preto,4,Sim,Nao,8,9570
C1739,Honda,2013,81603,1.6,Automatico,Hibrido,Cinza,4,Nao,Sim,9,79668
C1740,Toyota,2020,57695,1.4,Manual,Flex,Cinza,4,Sim,Nao,9,93966
C1741,Jeep,2020,34519,2.0,Manual,Flex,Azul,4,Nao,Sim,4,107946
C1742,Jeep,2012,166496,2.0,Manual,Flex,Azul,4,Nao,Sim,10,84109
C1743,Toyota,2011,117220,1.4,Automatico,Flex,Vermelho,4,Nao,Nao,8,75123
C1744,Volkswagen,2016,125141,1.0,Automatico,Gasolina,Prata,4,Sim,Sim,5,56906
C1745,Hyundai,2011,0,1.4,Manual,Flex,Preto,4,Nao,Sim,7,54295
C1746,Hyundai,2005,300000,1.6,Automatico,Gasolina,Vermelho,4,Nao,Nao,3,23087
C1747,Fiat,2017,113860,1.8,Manual,Diesel,Branco,4,Nao,Nao,3,45738
C1748,Fiat,2009,194737,1.6,Manual,Gasolina,Cinza,4,Nao,Sim,2,15770
C1749,Volkswagen,2008,218406,1.4,Manual,Flex,Preto,2,Nao,Nao,5,26451
C1750,Chevrolet,2015,83163,1.8,Automatico,Flex,Azul,4,Sim,Sim,8,54686
C1751,Chevrolet,2016,138136,1.0,Manual,Gasolina,Azul,4,Sim,Sim,3,38348
C1752,Chevrolet,2013,184703,1.0,Automatico,Flex,Vermelho,4,Nao,Nao,6,34108
C1753,Honda,2006,114408,1.0,Manual,Flex,Cinza,4,Nao,Sim,0,30255
C1754,Volkswagen,2013,80052,1.8,Manual,Gasolina,Cinza,2,Nao,Sim,11,52390
C1755,Chevrolet,2009,195705,1.8,Automatico,Flex,Prata,4,Nao,Nao,2,42443
C1756,Honda,2014,223224,1.0,Automatico,Flex,Prata,4,Sim,Sim,6,64357
C1757,Honda,2013,142899,1.0,Automatico,Flex,Cinza,4,Sim,Sim,6,61915
C1758,Fiat,2008,226001,1.4,Automatico,Gasolina,Branco,4,Sim,Nao,3,18681
C1759,Hyundai,2020,78047,1.8,Manual,Flex,Prata,4,Nao,Sim,3,68283
C1760,Hyundai,2006,280638,1.4,Manual,Flex,Branco,4,Sim,Sim,2,15087
C1761,Volkswagen,2008,193422,2.0,Manual,Flex,Preto,4,Sim,Sim,6,37732
C1762,Chevrolet,2023,12040,1.6,Automatico,Gasolina,Azul,4,Nao,Nao,6,89123
C1763,Hyundai,2008,196139,1.8,Automatico,Gasolina,Vermelho,4,Sim,Sim,4,40583
C1764,Honda,2022,343,1.4,Automatico,Flex,Azul,4,Sim,Sim,3,107895
C1765,Fiat,2021,34919,1.4,Automatico,Hibrido,Preto,4,Sim,Sim,0,70924
C1766,Chevrolet,2007,131737,1.4,Manual,Flex,Prata,4,Nao,Sim,4,23397
C1767,Renault,2006,255619,1.8,Manual,Diesel,Azul,4,Sim,Sim,6,9000
C1768,Volkswagen,2014,20770,1.0,Automatico,Flex,Vermelho,4,Sim,Nao,8,59288
C1769,Toyota,2010,280040,1.4,Manual,Flex,Branco,4,Nao,Nao,2,46688
C1770,Hyundai,2021,13798,1.6,Automatico,Gasolina,Prata,4,Sim,Sim,2,81028
C1771,Honda,2020,59824,1.0,Automatico,Gasolina,Azul,4,Sim,Nao,8,93819
C1772,Volkswagen,2019,28080,1.0,Automatico,Flex,Branco,4,Sim,Sim,5,64868
C1773,Renault,2005,17770,1.0,Automatico,Hibrido,Azul,2,Sim,Sim,9,29304
C1774,Chevrolet,2019,76829,1.6,Manual,Flex,Preto,2,Nao,Nao,7,61590
C1775,Fiat,2008,200990,1.4,Manual,Hibrido,Branco,4,Nao,Sim,6,9000
C1776,Fiat,2011,200472,1.8,Automatico,Flex,Vermelho,4,Sim,Sim,2,26355
C1777,Chevrolet,2006,54425,1.8,Manual,Flex,Cinza,4,Nao,Nao,11,38576
C1778,Fiat,2011,164223,1.4,Automatico,Flex,Prata,4,Nao,Nao,3,16998
C1779,Honda,2008,153775,1.6,Manual,Flex,Branco,4,Sim,Sim,9,53917
C1780,Toyota,2018,100843,1.8,Manual,Flex,Cinza,4,Nao,Sim,9,83538
C1781,Chevrolet,2009,157938,1.6,Manual,Flex,Cinza,4,Nao,Nao,5,38239
C1782,Renault,2017,69907,1.4,Manual,Flex,Preto,4,Sim,Sim,10,52699
C1783,Hyundai,2011,90908,1.6,Manual,Flex,Azul,4,Nao,Sim,4,37648
C1784,Fiat,2014,119915,1.0,Automatico,Flex,Branco,4,Nao,Nao,0,31941
C1785,Chevrolet,2018,72170,2.0,Manual,Flex,Azul,4,Nao,Nao,11,55536
C1786,Chevrolet,2014,77133,1.8,Automatico,Diesel,Preto,4,Sim,Nao,8,60736
C1787,Volkswagen,2021,37205,1.0,Manual,Hibrido,Azul,2,Sim,Sim,9,77007
C1788,Honda,2014,71554,1.4,Automatico,Flex,Preto,4,Sim,Sim,4,82628
C1789,Chevrolet,2021,12833,1.8,Automatico,Flex,Prata,4,Nao,Nao,1,81122
C1790,Renault,2023,21308,1.4,Manual,Hibrido,Cinza,4,Nao,Sim,8,56330
C1791,Fiat,2011,58638,2.0,Automatico,Flex,Cinza,4,Sim,Sim,5,54542
C1792,Renault,2013,136758,1.8,Manual,Diesel,Prata,4,Nao,Sim,8,36593
C1793,Honda,2008,300000,1.6,Manual,Flex,Prata,4,Nao,Sim,8,39623
C1794,Renault,2006,150915,1.8,Automatico,Flex,Prata,4,Nao,Sim,11,21197
C1795,Hyundai,2006,284187,1.8,Manual,Flex,Prata,4,Nao,Nao,8,9469
C1796,Jeep,2019,42649,1.6,Automatico,Gasolina,Branco,4,Nao,Sim,9,119630
C1797,Chevrolet,2019,85183,1.6,Manual,Gasolina,Vermelho,4,Nao,Sim,6,55560
C1798,Chevrolet,2019,46327,1.8,Manual,Flex,Cinza,4,Nao,Sim,10,66338
C1799,Renault,2009,92217,1.8,Automatico,Gasolina,Preto,4,Nao,Sim,3,35166
C1800,Volkswagen,2009,279609,1.4,Manual,Diesel,Vermelho,4,Nao,Sim,8,18143
C1801,Fiat,2019,74082,1.4,Automatico,Flex,Azul,4,Nao,Sim,1,56870
C1802,Hyundai,2019,21463,1.0,Automatico,Flex,Cinza,2,Nao,Sim,6,63814
C1803,Honda,2019,59357,2.0,Automatico,Flex,Azul,4,Nao,Sim,6,100953
C1804,Chevrolet,2017,64543,2.0,Manual,Flex,Cinza,4,Nao,Sim,5,55797
C1805,Jeep,2016,176653,1.4,Automatico,Gasolina,Preto,4,Sim,Sim,10,80507
C1806,Chevrolet,2009,57099,1.0,Automatico,Flex,Branco,4,Nao,Sim,6,38969
C1807,Fiat,2008,300000,1.4,Manual,Flex,Vermelho,2,Nao,Sim,3,9000
C1808,Volkswagen,2008,123395,1.4,Automatico,Flex,Branco,4,Nao,Sim,5,39149
C1809,Renault,2022,39343,1.0,Automatico,Flex,Preto,4,Nao,Sim,11,60556
C1810,Toyota,2017,148101,1.0,Automatico,Gasolina,Prata,2,Nao,Sim,11,78543
C1811,Toyota,2019,69081,2.0,Manual,Flex,Azul,2,Nao,Nao,9,95203
C1812,Volkswagen,2019,65893,1.4,Manual,Gasolina,Vermelho,4,Sim,Sim,8,64246
C1813,Volkswagen,2019,66717,1.6,Automatico,Flex,Vermelho,4,Nao,Sim,0,72230
C1814,Volkswagen,2023,8563,1.4,Automatico,Gasolina,Preto,4,Nao,Sim,4,86184
C1815,Hyundai,2019,70340,1.0,Automatico,Gasolina,Azul,4,Sim,Nao,0,68542
C1816,Toyota,2005,198225,1.0,Manual,Gasolina,Vermelho,4,Nao,Sim,8,47883
C1817,Volkswagen,2014,167887,1.0,Manual,Flex,Vermelho,4,Sim,Sim,7,42408
C1818,Fiat,2005,225020,1.6,Manual,Flex,Azul,4,Sim,Sim,3,9000
C1819,Volkswagen,2010,210634,1.4,Automatico,Diesel,Preto,4,Nao,Sim,10,47892
C1820,Fiat,2019,43512,2.0,Manual,Flex,Azul,4,Nao,Sim,10,63359
C1821,Renault,2014,224176,1.0,Automatico,Flex,Branco,4,Nao,Nao,3,29108
C1822,Volkswagen,2010,254953,1.0,Manual,Diesel,Branco,4,Sim,Nao,11,18033
C1823,Renault,2021,59704,1.0,Manual,Gasolina,Vermelho,2,Sim,Sim,1,41608
C1824,Hyundai,2017,77478,1.8,Manual,Flex,Preto,4,Sim,Nao,7,68015
C1825,Fiat,2015,128006,1.4,Automatico,Flex,Cinza,4,Sim,Sim,10,42901
C1826,Toyota,2014,172006,1.6,Automatico,Hibrido,Vermelho,2,Sim,Nao,2,74300
C1827,Volkswagen,2006,253151,1.8,Manual,Flex,Cinza,4,Sim,Sim,5,28831
C1828,Chevrolet,2015,210810,1.0,Automatico,Flex,Branco,4,Nao,Sim,2,28100
C1829,Jeep,2017,90058,1.6,Automatico,Diesel,Azul,4,Sim,Nao,5,115335
C1830,Toyota,2023,2107,1.8,Manual,Diesel,Azul,4,Nao,Sim,10,120734
C1831,Toyota,2006,135048,1.4,Automatico,Flex,Prata,4,Nao,Sim,10,74126
C1832,Volkswagen,2015,91617,1.4,Manual,Flex,Preto,4,Nao,Nao,10,51614
C1833,Honda,2010,215739,1.4,Automatico,Flex,Vermelho,4,Nao,Nao,10,63274
C1834,Toyota,2022,23319,1.6,Manual,Flex,Vermelho,4,Sim,Sim,10,103484
C1835,Volkswagen,2012,208771,1.0,Manual,Diesel,Vermelho,4,Sim,Sim,10,23053
C1836,Honda,2006,300000,1.0,Automatico,Diesel,Prata,4,Nao,Sim,9,26411
C1837,Honda,2006,92296,2.0,Manual,Flex,Prata,4,Sim,Sim,4,65763
C1838,Chevrolet,2006,300000,1.0,Manual,Flex,Azul,4,Nao,Nao,9,9000
C1839,Fiat,2012,43482,1.4,Automatico,Hibrido,Azul,4,Nao,Nao,8,41208
C1840,Chevrolet,2005,153384,1.4,Manual,Gasolina,Vermelho,2,Nao,Sim,0,29053
C1841,Hyundai,2022,9859,1.4,Manual,Flex,Vermelho,2,Sim,Sim,10,78746
C1842,Chevrolet,2007,275788,2.0,Manual,Gasolina,Cinza,2,Nao,Nao,7,26237
C1843,Toyota,2019,64224,1.4,Manual,Flex,Branco,4,Nao,Nao,8,87032
C1844,Fiat,2011,264895,2.0,Automatico,Gasolina,Branco,4,Nao,Nao,1,26143
C1845,Volkswagen,2009,284733,1.0,Automatico,Flex,Vermelho,4,Nao,Nao,7,29491
C1846,Fiat,2014,33580,1.0,Manual,Flex,Preto,4,Nao,Sim,10,44510
C1847,Hyundai,2010,240738,1.0,Automatico,Gasolina,Azul,4,Nao,Sim,1,25936
C1848,Toyota,2019,67586,1.0,Manual,Gasolina,Prata,4,Sim,Sim,10,79856
C1849,Honda,2023,14322,1.0,Manual,Flex,Azul,4,Sim,Sim,4,91533
C1850,Chevrolet,2005,154227,1.8,Manual,Flex,Azul,4,Sim,Sim,11,27805
C1851,Chevrolet,2010,76104,2.0,Automatico,Flex,Prata,4,Sim,Sim,5,54629
C1852,Hyundai,2018,57503,1.4,Manual,Diesel,Prata,4,Nao,Sim,11,66079
C1853,Volkswagen,2009,121222,1.0,Manual,Flex,Branco,4,Sim,Nao,9,37659
C1854,Volkswagen,2020,49781,1.0,Automatico,Gasolina,Prata,4,Nao,Sim,7,66800
C1855,Fiat,2013,180411,1.6,Manual,Flex,Prata,4,Sim,Nao,6,26980
C1856,Volkswagen,2014,56039,1.0,Automatico,Flex,Cinza,4,Sim,Sim,7,55540
C1857,Volkswagen,2015,144605,1.6,Manual,Flex,Cinza,4,Nao,Sim,3,50833
C1858,Hyundai,2008,245051,1.6,Automatico,Diesel,Vermelho,4,Sim,Sim,11,44659
C1859,Chevrolet,2008,281837,1.6,Manual,Flex,Cinza,4,Sim,Nao,11,22219
C1860,Toyota,2017,128905,2.0,Manual,Hibrido,Preto,4,Sim,Sim,7,91339
C1861,Honda,2017,90187,1.4,Manual,Flex,Cinza,4,Sim,Sim,1,79162
C1862,Chevrolet,2007,110944,1.8,Automatico,Flex,Preto,4,Sim,Sim,3,47668
C1863,Renault,2017,84105,1.0,Automatico,Flex,Vermelho,4,Nao,Nao,3,40116
C1864,Fiat,2009,0,1.4,Manual,Flex,Prata,4,Nao,Sim,10,29171
C1865,Toyota,2014,196877,1.4,Manual,Gasolina,Cinza,4,Nao,Sim,11,69516
C1866,Hyundai,2011,189399,1.8,Automatico,Flex,Azul,4,Nao,Sim,0,31553
C1867,Chevrolet,2005,143779,1.4,Manual,Gasolina,Azul,4,Sim,Nao,11,21887
C1868,Volkswagen,2005,300000,1.0,Automatico,Diesel,Branco,4,Nao,Sim,6,9000
C1869,Renault,2021,61962,1.8,Manual,Gasolina,Vermelho,4,Nao,Sim,6,62229
C1870,Chevrolet,2023,20741,1.6,Manual,Flex,Branco,4,Sim,Sim,10,81736
C1871,Hyundai,2006,225519,1.0,Manual,Flex,Vermelho,4,Sim,Sim,4,15689
C1872,Volkswagen,2011,136763,1.0,Manual,Gasolina,Prata,4,Nao,Sim,7,37608
C1873,Honda,2009,48375,1.8,Manual,Flex,Branco,2,Nao,Nao,7,72890
C1874,Honda,2010,93047,1.4,Automatico,Flex,Prata,4,Nao,Sim,0,65801
C1875,Volkswagen,2022,32825,1.6,Automatico,Flex,Branco,4,Nao,Sim,10,89782
C1876,Hyundai,2015,149940,1.4,Manual,Hibrido,Vermelho,4,Nao,Sim,1,47601
C1877,Jeep,2023,11673,1.0,Manual,Flex,Azul,2,Nao,Nao,6,100795
C1878,Toyota,2008,173127,1.6,Manual,Flex,Cinza,4,Sim,Sim,5,65094
C1879,Volkswagen,2011,300000,2.0,Automatico,Gasolina,Preto,4,Sim,Sim,3,36681
C1880,Hyundai,2009,183782,2.0,Manual,Flex,Prata,4,Nao,Sim,7,30178
C1881,Renault,2020,50010,2.0,Manual,Flex,Vermelho,4,Nao,Sim,9,56803
C1882,Hyundai,2014,29057,1.0,Manual,Diesel,Azul,4,Sim,Nao,2,54046
C1883,Fiat,2010,210566,1.4,Automatico,Gasolina,Vermelho,4,Sim,Sim,4,21310
C1884,Renault,2007,0,1.8,Manual,Flex,Vermelho,2,Sim,Sim,0,32218
C1885,Fiat,2006,190153,1.4,Manual,Flex,Azul,4,Nao,Sim,1,9000
C1886,Volkswagen,2015,165793,1.4,Manual,Diesel,Vermelho,4,Nao,Sim,5,41207
C1887,Fiat,2012,91267,1.6,Manual,Gasolina,Vermelho,4,Sim,Nao,5,38364
C1888,Fiat,2013,145250,1.4,Manual,Gasolina,Vermelho,4,Nao,Sim,11,28747
C1889,Chevrolet,2016,75267,1.8,Manual,Hibrido,Branco,4,Nao,Sim,0,50636
C1890,Renault,2006,300000,1.4,Automatico,Flex,Branco,2,Nao,Nao,0,9000
C1891,Fiat,2011,224490,1.6,Automatico,Diesel,Vermelho,4,Sim,Sim,6,33801
C1892,Volkswagen,2016,103107,1.6,Manual,Flex,Cinza,4,Sim,Sim,0,62774
C1893,Fiat,2018,112135,1.4,Manual,Flex,Vermelho,4,Sim,Sim,10,51883
C1894,Chevrolet,2008,248740,1.0,Automatico,Flex,Preto,4,Nao,Nao,9,24204
C1895,Fiat,2010,300000,1.6,Manual,Flex,Branco,4,Nao,Sim,10,12937
C1896,Volkswagen,2009,74463,2.0,Automatico,Gasolina,Prata,4,Nao,Sim,8,61394
C1897,Volkswagen,2013,177783,1.4,Manual,Flex,Prata,4,Sim,Sim,6,39359
C1898,Hyundai,2018,96503,1.0,Manual,Flex,Cinza,4,Nao,Nao,1,50219
C1899,Honda,2005,300000,1.4,Automatico,Diesel,Azul,4,Sim,Sim,6,38674
C1900,Honda,2012,114772,2.0,Automatico,Gasolina,Azul,4,Nao,Nao,0,74055
C1901,Renault,2015,65716,1.6,Manual,Gasolina,Branco,4,Nao,Nao,4,38866
C1902,Volkswagen,2015,133591,1.0,Manual,Gasolina,Branco,2,Nao,Nao,6,41348
C1903,Chevrolet,2021,36235,1.4,Manual,Diesel,Azul,4,Nao,Nao,9,71076
C1904,Volkswagen,2020,41878,1.6,Manual,Flex,Cinza,4,Sim,Nao,10,74675
C1905,Chevrolet,2014,178438,2.0,Automatico,Gasolina,Preto,4,Sim,Sim,4,41317
C1906,Fiat,2019,66230,1.6,Automatico,Gasolina,Cinza,2,Nao,Sim,6,60987
C1907,Renault,2012,235362,1.4,Manual,Flex,Cinza,4,Sim,Sim,9,9843
C1908,Toyota,2013,102706,1.4,Automatico,Flex,Prata,4,Nao,Sim,9,75803
C1909,Volkswagen,2018,106995,1.6,Manual,Hibrido,Vermelho,4,Sim,Nao,3,63685
C1910,Fiat,2023,12036,1.0,Manual,Gasolina,Prata,4,Nao,Sim,0,53319
C1911,Hyundai,2010,105748,1.0,Automatico,Flex,Preto,4,Nao,Nao,4,36977
C1912,Chevrolet,2010,237222,2.0,Manual,Flex,Vermelho,4,Nao,Nao,10,34004
C1913,Honda,2012,61872,1.4,Automatico,Flex,Branco,2,Sim,Sim,9,81788
C1914,Jeep,2008,300000,1.8,Manual,Flex,Azul,2,Sim,Sim,6,66490
C1915,Jeep,2016,132606,1.0,Automatico,Gasolina,Prata,4,Sim,Sim,2,96452
C1916,Honda,2009,236106,1.0,Automatico,Flex,Preto,4,Sim,Sim,7,44789
C1917,Toyota,2021,49676,1.8,Manual,Gasolina,Vermelho,4,Nao,Sim,2,103957
C1918,Volkswagen,2021,34838,1.8,Manual,Gasolina,Azul,4,Nao,Nao,8,90925
C1919,Renault,2005,300000,1.8,Automatico,Gasolina,Prata,4,Sim,Sim,6,9000
C1920,Hyundai,2014,140961,1.0,Automatico,Flex,Azul,4,Nao,Sim,0,33639
C1921,Chevrolet,2012,129543,1.0,Manual,Flex,Preto,4,Nao,Nao,1,27963
C1922,Chevrolet,2017,93409,1.0,Manual,Flex,Branco,4,Nao,Nao,3,40307
C1923,Jeep,2020,20985,1.0,Automatico,Gasolina,Prata,2,Nao,Nao,8,105774
C1924,Fiat,2011,300000,1.6,Manual,Flex,Vermelho,4,Sim,Sim,1,9247
C1925,Hyundai,2013,30934,1.8,Automatico,Flex,Branco,4,Nao,Nao,6,65884
C1926,Volkswagen,2011,76306,1.6,Automatico,Gasolina,Branco,2,Nao,Sim,6,52234
C1927,Hyundai,2016,141629,2.0,Automatico,Flex,Branco,4,Sim,Nao,10,71778
C1928,Jeep,2009,200860,1.0,Automatico,Flex,Azul,2,Sim,Sim,0,67919
C1929,Fiat,2007,277345,1.4,Automatico,Flex,Vermelho,2,Sim,Sim,11,15968
C1930,Chevrolet,2014,209315,1.0,Automatico,Flex,Branco,2,Nao,Sim,7,32355
C1931,Renault,2013,300000,1.8,Automatico,Flex,Preto,4,Nao,Sim,6,18904
C1932,Fiat,2013,29585,1.8,Automatico,Flex,Preto,4,Nao,Sim,1,55222
C1933,Jeep,2010,268102,1.0,Manual,Gasolina,Vermelho,4,Sim,Nao,4,52520
C1934,Jeep,2023,14144,1.0,Manual,Hibrido,Vermelho,4,Nao,Nao,5,101591
C1935,Renault,2008,279794,1.6,Manual,Gasolina,Cinza,4,Sim,Nao,0,9000
C1936,Hyundai,2021,33205,1.8,Manual,Diesel,Vermelho,4,Sim,Sim,2,86044
C1937,Chevrolet,2012,139331,1.4,Automatico,Flex,Azul,4,Sim,Nao,0,44047
C1938,Honda,2011,93709,1.4,Automatico,Flex,Cinza,4,Nao,Nao,3,69328
C1939,Hyundai,2005,299186,1.0,Manual,Flex,Prata,4,Nao,Sim,1,9000
C1940,Chevrolet,2008,164716,1.0,Manual,Flex,Prata,2,Nao,Sim,11,19645
C1941,Fiat,2008,185563,1.4,Automatico,Flex,Preto,4,Nao,Sim,3,18956
C1942,Jeep,2015,80390,1.0,Automatico,Flex,Branco,4,Sim,Sim,6,101098
C1943,Honda,2023,18081,1.8,Manual,Gasolina,Branco,4,Nao,Sim,8,102466
C1944,Fiat,2018,62226,1.0,Manual,Flex,Preto,4,Sim,Sim,7,47792
C1945,Toyota,2020,8393,1.6,Automatico,Flex,Prata,4,Sim,Nao,7,114258
C1946,Fiat,2010,169156,1.0,Manual,Flex,Cinza,4,Nao,Nao,7,17379
C1947,Chevrolet,2010,173798,1.6,Manual,Gasolina,Cinza,2,Nao,Nao,4,20249
C1948,Volkswagen,2008,86604,1.0,Automatico,Gasolina,Prata,4,Nao,Nao,1,41602
C1949,Renault,2008,300000,1.4,Manual,Flex,Vermelho,4,Sim,Sim,8,9000
C1950,Renault,2020,45373,1.4,Manual,Gasolina,Preto,4,Sim,Sim,1,47061
C1951,Chevrolet,2016,119318,1.6,Manual,Gasolina,Azul,4,Sim,Nao,0,52369
C1952,Renault,2014,135981,1.4,Automatico,Flex,Prata,4,Sim,Nao,4,35325
C1953,Fiat,2017,56271,1.0,Manual,Gasolina,Branco,4,Nao,Sim,2,33832
C1954,Hyundai,2010,298091,1.0,Automatico,Flex,Vermelho,4,Nao,Sim,11,20754
C1955,Volkswagen,2012,300000,1.4,Automatico,Diesel,Prata,2,Nao,Nao,9,37673
C1956,Fiat,2015,121160,1.8,Manual,Flex,Cinza,4,Nao,Sim,8,43226
C1957,Hyundai,2011,212660,2.0,Manual,Flex,Preto,4,Sim,Nao,7,44120
C1958,Volkswagen,2010,144030,1.4,Automatico,Flex,Preto,4,Nao,Nao,9,38768
C1959,Fiat,2011,226205,2.0,Automatico,Flex,Prata,4,Sim,Sim,9,40412
C1960,Volkswagen,2008,120756,1.6,Manual,Flex,Prata,4,Sim,Sim,3,35932
C1961,Chevrolet,2010,298762,1.0,Manual,Flex,Preto,4,Nao,Sim,2,9799
C1962,Hyundai,2005,121374,1.0,Manual,Flex,Azul,4,Sim,Nao,7,9000
C1963,Renault,2008,187517,1.4,Manual,Gasolina,Cinza,4,Sim,Sim,9,11667
C1964,Toyota,2013,190568,1.6,Manual,Flex,Cinza,4,Nao,Nao,3,63868
C1965,Hyundai,2023,16589,1.4,Manual,Diesel,Preto,4,Sim,Sim,2,73618
C1966,Jeep,2005,279852,1.6,Manual,Flex,Azul,4,Nao,Nao,6,50924
C1967,Volkswagen,2021,79955,1.6,Automatico,Flex,Azul,4,Sim,Sim,6,76798
C1968,Volkswagen,2015,49235,1.0,Manual,Flex,Azul,4,Sim,Nao,8,58903
C1969,Chevrolet,2005,80485,1.8,Automatico,Flex,Cinza,4,Nao,Nao,11,37882
C1970,Jeep,2015,158064,1.8,Automatico,Flex,Azul,4,Nao,Sim,1,89421
C1971,Volkswagen,2015,0,1.6,Manual,Flex,Prata,4,Nao,Sim,10,63992
C1972,Volkswagen,2023,10876,1.6,Manual,Flex,Preto,4,Sim,Sim,9,80837
C1973,Fiat,2006,216442,1.8,Manual,Gasolina,Vermelho,4,Sim,Nao,8,21963
C1974,Chevrolet,2014,119288,1.0,Automatico,Flex,Vermelho,4,Sim,Sim,7,38157
C1975,Chevrolet,2020,94176,1.4,Automatico,Diesel,Cinza,4,Sim,Sim,3,67165
C1976,Fiat,2016,74132,1.4,Manual,Flex,Cinza,4,Sim,Sim,9,46769
C1977,Toyota,2023,12737,1.8,Manual,Diesel,Prata,4,Sim,Sim,8,115960
C1978,Chevrolet,2006,161830,1.8,Manual,Flex,Vermelho,4,Sim,Sim,11,25387
C1979,Renault,2021,30743,2.0,Manual,Gasolina,Vermelho,4,Sim,Nao,11,63142
C1980,Hyundai,2009,170121,1.6,Manual,Flex,Preto,4,Nao,Sim,1,28463
C1981,Volkswagen,2015,141600,1.6,Automatico,Gasolina,Prata,2,Sim,Sim,2,54782
C1982,Fiat,2011,137330,1.0,Manual,Gasolina,Prata,4,Sim,Nao,10,24382
C1983,Volkswagen,2018,56375,1.0,Manual,Diesel,Prata,4,Nao,Nao,8,54685
C1984,Volkswagen,2007,261886,1.4,Manual,Flex,Preto,4,Nao,Sim,8,16495
C1985,Chevrolet,2007,160563,1.0,Manual,Gasolina,Cinza,4,Nao,Sim,6,18543
C1986,Toyota,2008,258171,1.0,Manual,Flex,Preto,4,Sim,Sim,5,32752
C1987,Fiat,2007,300000,1.4,Manual,Diesel,Vermelho,4,Sim,Sim,4,9000
C1988,Renault,2017,80785,1.0,Manual,Flex,Cinza,4,Sim,Sim,0,38202
C1989,Jeep,2021,29677,2.0,Manual,Hibrido,Azul,4,Nao,Sim,8,120633
C1990,Toyota,2023,16373,1.4,Automatico,Flex,Prata,4,Nao,Nao,2,106947
C1991,Hyundai,2023,12879,1.4,Manual,Flex,Cinza,4,Nao,Sim,4,78720
C1992,Fiat,2022,0,1.6,Manual,Gasolina,Cinza,4,Sim,Sim,11,73947
C1993,Honda,2018,65621,1.6,Automatico,Gasolina,Preto,2,Nao,Sim,3,80416
C1994,Chevrolet,2014,204806,1.8,Manual,Flex,Cinza,2,Nao,Nao,5,29106
C1995,Fiat,2017,33471,1.6,Manual,Gasolina,Preto,4,Nao,Sim,2,46151
C1996,Toyota,2008,300000,1.0,Manual,Flex,Cinza,4,Sim,Sim,11,43725
C1997,Hyundai,2023,5250,2.0,Manual,Gasolina,Preto,2,Nao,Sim,1,87806
C1998,Jeep,2015,63350,1.6,Manual,Flex,Prata,4,Nao,Sim,8,104001
C1999,Chevrolet,2007,300000,1.4,Manual,Flex,Preto,2,Nao,Nao,11,18765
